name,id,optaId,teamId,teamName,isGoalkeeper,stats,shirtNumber,positionId,usualPosition,matchId,matchRound,homeTeamName,homeTeamid,awayTeamName,awayTeamid,matchDate,home_goals,away_goals,FotMob_rating,Minutes_played,Goals,Assists,Total_shots,Accurate_passes_value,Accurate_passes_total,Chances_created,Expected_assists_xA,xG_plus_xA,Fantasy_points,Defensive_actions,touches,touches_opp_box,passes_into_final_third,accurate_crosses_value,accurate_crosses_total,long_balls_accurate_value,long_balls_accurate_total,dispossessed,tackles_succeeded_value,tackles_succeeded_total,shot_blocks,clearances,headed_clearance,interceptions,recoveries,dribbled_past,duel_won,duel_lost,ground_duels_won_value,ground_duels_won_total,aerials_won_value,aerials_won_total,fouls_received,fouls_committed
Eduardo Álvarez,2777,536719,49678,Blooming,False,[],28,,,1000010853,6,Blooming,49678,Bolivar,5983,2026-05-10T23:30:00.000Z,0,0,,,,,,,,,,,,,,,,,,,,,,,,,,,,,,,,,,,,
Pato Rodríguez,114056,57175,5983,Bolivar,False,"[{'title': 'Top stats', 'key': 'top_stats', 'stats': {'FotMob rating': {'key': 'rating_title', 'stat': {'value': 6.01, 'type': 'double'}}, 'Minutes played': {'key': 'minutes_played', 'stat': {'value': 67, 'type': 'integer'}}, 'Goals': {'key': 'goals', 'stat': {'value': 0, 'type': 'integer'}}, 'Assists': {'key': 'assists', 'stat': {'value': 0, 'type': 'integer'}}, 'Accurate passes': {'key': 'accurate_passes', 'stat': {'value': 14, 'total': 20, 'type': 'fractionWithPercentage'}}, 'Chances created': {'key': 'chances_created', 'stat': {'value': 0, 'type': 'integer'}}, 'Shotmap': {'key': None, 'stat': {'value': 0, 'type': 'boolean'}}, 'Defensive actions': {'key': 'defensive_actions', 'stat': {'value': 2, 'type': 'integer'}}}}, {'title': 'Attack', 'key': 'attack', 'stats': {'Touches': {'key': 'touches', 'stat': {'value': 38, 'type': 'integer'}}, 'Touches in opposition box': {'key': 'touches_opp_box', 'stat': {'value': 0, 'type': 'integer'}}, 'Successful dribbles': {'key': 'dribbles_succeeded', 'stat': {'value': 0, 'total': 2, 'type': 'fractionWithPercentage'}}, 'Passes into final third': {'key': 'passes_into_final_third', 'stat': {'value': 3, 'type': 'integer'}}, 'Accurate crosses': {'key': 'accurate_crosses', 'stat': {'value': 0, 'total': 1, 'type': 'fractionWithPercentage'}}, 'Accurate long balls': {'key': 'long_balls_accurate', 'stat': {'value': 0, 'total': 1, 'type': 'fractionWithPercentage'}}, 'Dispossessed': {'key': 'dispossessed', 'stat': {'value': 3, 'type': 'integer'}}, 'Offsides': {'key': 'Offsides', 'stat': {'value': 1, 'type': 'integer'}}}}, {'title': 'Defense', 'key': 'defense', 'stats': {'Defensive actions': {'key': 'defensive_actions', 'stat': {'value': 2, 'type': 'integer'}}, 'Tackles': {'key': 'matchstats.headers.tackles', 'stat': {'value': 1, 'type': 'integer'}}, 'Blocks': {'key': 'shot_blocks', 'stat': {'value': 0, 'type': 'integer'}}, 'Clearances': {'key': 'clearances', 'stat': {'value': 0, 'type': 'integer'}}, 'Interceptions': {'key': 'interceptions', 'stat': {'value': 1, 'type': 'integer'}}, 'Recoveries': {'key': 'recoveries', 'stat': {'value': 2, 'type': 'integer'}}, 'Dribbled past': {'key': 'dribbled_past', 'stat': {'value': 0, 'type': 'integer'}}}}, {'title': 'Duels', 'key': 'duels', 'stats': {'Ground duels won': {'key': 'ground_duels_won', 'stat': {'value': 3, 'total': 10, 'type': 'fractionWithPercentage'}}, 'Aerial duels won': {'key': 'aerials_won', 'stat': {'value': 0, 'total': 0, 'type': 'fractionWithPercentage'}}, 'Was fouled': {'key': 'was_fouled', 'stat': {'value': 2, 'type': 'integer'}}, 'Fouls committed': {'key': 'fouls', 'stat': {'value': 2, 'type': 'integer'}}, 'Duels won': {'key': 'duel_won', 'stat': {'value': 3, 'type': 'integer'}, 'hideInPopupCard': True}, 'Duels lost': {'key': 'duel_lost', 'stat': {'value': 7, 'type': 'integer'}, 'hideInPopupCard': True}}}]",17,88,3,1000010853,6,Blooming,49678,Bolivar,5983,2026-05-10T23:30:00.000Z,0,0,6.01,67.0,0.0,0.0,,14.0,20.0,0.0,,,,2.0,38.0,0.0,3.0,0.0,1.0,0.0,1.0,3.0,,,0.0,0.0,,1.0,2.0,0.0,3.0,7.0,3.0,10.0,0.0,0.0,2.0,2.0
Martín Cauteruccio,115871,93918,5983,Bolivar,False,"[{'title': 'Top stats', 'key': 'top_stats', 'stats': {'FotMob rating': {'key': 'rating_title', 'stat': {'value': 6.28, 'type': 'double'}}, 'Minutes played': {'key': 'minutes_played', 'stat': {'value': 12, 'type': 'integer'}}, 'Goals': {'key': 'goals', 'stat': {'value': 0, 'type': 'integer'}}, 'Assists': {'key': 'assists', 'stat': {'value': 0, 'type': 'integer'}}, 'Total shots': {'key': 'total_shots', 'stat': {'value': 1, 'type': 'integer'}, 'hideInPopupCard': True}, 'Accurate passes': {'key': 'accurate_passes', 'stat': {'value': 1, 'total': 1, 'type': 'fractionWithPercentage'}}, 'Chances created': {'key': 'chances_created', 'stat': {'value': 0, 'type': 'integer'}}, 'Shots on target': {'key': 'ShotsOnTarget', 'stat': {'value': 0, 'type': 'integer'}}, 'Shots off target': {'key': 'ShotsOffTarget', 'stat': {'value': 0, 'type': 'integer'}}, 'Blocked shots': {'key': 'blocked_shots', 'stat': {'value': 1, 'type': 'integer'}}, 'Shotmap': {'key': None, 'stat': {'value': 1, 'type': 'boolean'}}, 'Defensive actions': {'key': 'defensive_actions', 'stat': {'value': 2, 'type': 'integer'}}}}, {'title': 'Attack', 'key': 'attack', 'stats': {'Touches': {'key': 'touches', 'stat': {'value': 5, 'type': 'integer'}}, 'Touches in opposition box': {'key': 'touches_opp_box', 'stat': {'value': 1, 'type': 'integer'}}, 'Accurate crosses': {'key': 'accurate_crosses', 'stat': {'value': 0, 'total': 1, 'type': 'fractionWithPercentage'}}, 'Dispossessed': {'key': 'dispossessed', 'stat': {'value': 0, 'type': 'integer'}}}}, {'title': 'Defense', 'key': 'defense', 'stats': {'Defensive actions': {'key': 'defensive_actions', 'stat': {'value': 2, 'type': 'integer'}}, 'Tackles': {'key': 'matchstats.headers.tackles', 'stat': {'value': 1, 'type': 'integer'}}, 'Blocks': {'key': 'shot_blocks', 'stat': {'value': 0, 'type': 'integer'}}, 'Clearances': {'key': 'clearances', 'stat': {'value': 1, 'type': 'integer'}}, 'Headed clearance': {'key': 'headed_clearance', 'stat': {'value': 1, 'type': 'integer'}}, 'Interceptions': {'key': 'interceptions', 'stat': {'value': 0, 'type': 'integer'}}, 'Recoveries': {'key': 'recoveries', 'stat': {'value': 0, 'type': 'integer'}}, 'Dribbled past': {'key': 'dribbled_past', 'stat': {'value': 0, 'type': 'integer'}}}}, {'title': 'Duels', 'key': 'duels', 'stats': {'Ground duels won': {'key': 'ground_duels_won', 'stat': {'value': 1, 'total': 1, 'type': 'fractionWithPercentage'}}, 'Aerial duels won': {'key': 'aerials_won', 'stat': {'value': 0, 'total': 0, 'type': 'fractionWithPercentage'}}, 'Was fouled': {'key': 'was_fouled', 'stat': {'type': 'integer'}}, 'Fouls committed': {'key': 'fouls', 'stat': {'value': 0, 'type': 'integer'}}, 'Duels won': {'key': 'duel_won', 'stat': {'value': 1, 'type': 'integer'}, 'hideInPopupCard': True}}}]",9,,,1000010853,6,Blooming,49678,Bolivar,5983,2026-05-10T23:30:00.000Z,0,0,6.28,12.0,0.0,0.0,1.0,1.0,1.0,0.0,,,,2.0,5.0,1.0,,0.0,1.0,,,0.0,,,0.0,1.0,1.0,0.0,0.0,0.0,1.0,,1.0,1.0,0.0,0.0,,0.0
Carlos Lampe,141762,62957,5983,Bolivar,True,"[{'title': 'Top stats', 'key': 'top_stats', 'stats': {'FotMob rating': {'key': 'rating_title', 'stat': {'value': 6.93, 'type': 'double'}}, 'Minutes played': {'key': 'minutes_played', 'stat': {'value': 90, 'type': 'integer'}}, 'Saves': {'key': 'saves', 'stat': {'value': 1, 'type': 'integer'}}, 'Goals conceded': {'key': 'goals_conceded', 'stat': {'value': 0, 'type': 'integer'}}, 'Shotmap': {'key': None, 'stat': {'value': 1, 'type': 'boolean'}}, 'Accurate passes': {'key': 'accurate_passes', 'stat': {'value': 23, 'total': 33, 'type': 'fractionWithPercentage'}}, 'Accurate long balls': {'key': 'long_balls_accurate', 'stat': {'value': 7, 'total': 17, 'type': 'fractionWithPercentage'}}, 'Diving save': {'key': 'keeper_diving_save', 'stat': {'value': 0, 'type': 'integer'}}, 'Saves inside box': {'key': 'saves_inside_box', 'stat': {'value': 0, 'type': 'integer'}}, 'Acted as sweeper': {'key': 'keeper_sweeper', 'stat': {'value': 0, 'type': 'integer'}}, 'Punches': {'key': 'punches', 'stat': {'value': 0, 'type': 'integer'}}, 'Throws': {'key': 'player_throws', 'stat': {'value': 2, 'type': 'integer'}}, 'High claim': {'key': 'keeper_high_claim', 'stat': {'value': 0, 'type': 'integer'}}, 'Recoveries': {'key': 'recoveries', 'stat': {'value': 5, 'type': 'integer'}}, 'Clearances': {'key': 'clearances', 'stat': {'value': 0, 'type': 'integer'}}, 'Touches': {'key': 'touches', 'stat': {'value': 37, 'type': 'integer'}}, 'Defensive actions': {'key': 'defensive_actions', 'stat': {'value': 0, 'type': 'integer'}, 'hideInPopupCard': True}, 'Duels won': {'key': 'duel_won', 'stat': {'value': 1, 'type': 'integer'}, 'hideInPopupCard': True}, 'Ground duels won': {'key': 'ground_duels_won', 'stat': {'value': 1, 'total': 1, 'type': 'fractionWithPercentage'}}, 'Was fouled': {'key': 'was_fouled', 'stat': {'value': 1, 'type': 'integer'}, 'hideInPopupCard': True}, 'Fouls committed': {'key': 'fouls', 'stat': {'value': 0, 'type': 'integer'}, 'hideInPopupCard': True}, 'Tackles': {'key': 'matchstats.headers.tackles', 'stat': {'value': 0, 'type': 'integer'}, 'hideInPopupCard': True}, 'Passes into final third': {'key': 'passes_into_final_third', 'stat': {'value': 4, 'type': 'integer'}, 'hideInPopupCard': True}, 'Interceptions': {'key': 'interceptions', 'stat': {'value': 0, 'type': 'integer'}, 'hideInPopupCard': True}}}]",1,11,0,1000010853,6,Blooming,49678,Bolivar,5983,2026-05-10T23:30:00.000Z,0,0,6.93,90.0,,,,23.0,33.0,,,,,0.0,,,,,,,,,,,,,,,,,,,,,,,,
Bayron Garcés,282155,152731,49678,Blooming,False,"[{'title': 'Top stats', 'key': 'top_stats', 'stats': {'FotMob rating': {'key': 'rating_title', 'stat': {'value': 6.23, 'type': 'double'}}, 'Minutes played': {'key': 'minutes_played', 'stat': {'value': 19, 'type': 'integer'}}, 'Goals': {'key': 'goals', 'stat': {'value': 0, 'type': 'integer'}}, 'Assists': {'key': 'assists', 'stat': {'value': 0, 'type': 'integer'}}, 'Total shots': {'key': 'total_shots', 'stat': {'value': 1, 'type': 'integer'}, 'hideInPopupCard': True}, 'Accurate passes': {'key': 'accurate_passes', 'stat': {'value': 3, 'total': 3, 'type': 'fractionWithPercentage'}}, 'Chances created': {'key': 'chances_created', 'stat': {'value': 2, 'type': 'integer'}}, 'Shots on target': {'key': 'ShotsOnTarget', 'stat': {'value': 0, 'type': 'integer'}}, 'Shots off target': {'key': 'ShotsOffTarget', 'stat': {'value': 1, 'type': 'integer'}}, 'Shot accuracy': {'key': 'shot_accuracy', 'stat': {'value': 0, 'total': 1, 'type': 'fractionWithPercentage'}}, 'Shotmap': {'key': None, 'stat': {'value': 1, 'type': 'boolean'}}, 'Defensive actions': {'key': 'defensive_actions', 'stat': {'value': 0, 'type': 'integer'}}}}, {'title': 'Attack', 'key': 'attack', 'stats': {'Touches': {'key': 'touches', 'stat': {'value': 5, 'type': 'integer'}}, 'Touches in opposition box': {'key': 'touches_opp_box', 'stat': {'value': 1, 'type': 'integer'}}, 'Successful dribbles': {'key': 'dribbles_succeeded', 'stat': {'value': 0, 'total': 1, 'type': 'fractionWithPercentage'}}, 'Dispossessed': {'key': 'dispossessed', 'stat': {'value': 0, 'type': 'integer'}}}}, {'title': 'Defense', 'key': 'defense', 'stats': {'Defensive actions': {'key': 'defensive_actions', 'stat': {'value': 0, 'type': 'integer'}}, 'Tackles': {'key': 'matchstats.headers.tackles', 'stat': {'value': 0, 'type': 'integer'}}, 'Blocks': {'key': 'shot_blocks', 'stat': {'value': 0, 'type': 'integer'}}, 'Clearances': {'key': 'clearances', 'stat': {'value': 0, 'type': 'integer'}}, 'Interceptions': {'key': 'interceptions', 'stat': {'value': 0, 'type': 'integer'}}, 'Recoveries': {'key': 'recoveries', 'stat': {'value': 0, 'type': 'integer'}}, 'Dribbled past': {'key': 'dribbled_past', 'stat': {'value': 0, 'type': 'integer'}}}}, {'title': 'Duels', 'key': 'duels', 'stats': {'Ground duels won': {'key': 'ground_duels_won', 'stat': {'value': 0, 'total': 1, 'type': 'fractionWithPercentage'}}, 'Aerial duels won': {'key': 'aerials_won', 'stat': {'value': 0, 'total': 0, 'type': 'fractionWithPercentage'}}, 'Was fouled': {'key': 'was_fouled', 'stat': {'type': 'integer'}}, 'Fouls committed': {'key': 'fouls', 'stat': {'value': 0, 'type': 'integer'}}, 'Duels lost': {'key': 'duel_lost', 'stat': {'value': 1, 'type': 'integer'}, 'hideInPopupCard': True}}}]",29,,,1000010853,6,Blooming,49678,Bolivar,5983,2026-05-10T23:30:00.000Z,0,0,6.23,19.0,0.0,0.0,1.0,3.0,3.0,2.0,,,,0.0,5.0,1.0,,,,,,0.0,,,0.0,0.0,,0.0,0.0,0.0,,1.0,0.0,1.0,0.0,0.0,,0.0
Leonel Justiniano,282514,149381,5983,Bolivar,False,"[{'title': 'Top stats', 'key': 'top_stats', 'stats': {'FotMob rating': {'key': 'rating_title', 'stat': {'value': 7.21, 'type': 'double'}}, 'Minutes played': {'key': 'minutes_played', 'stat': {'value': 90, 'type': 'integer'}}, 'Goals': {'key': 'goals', 'stat': {'value': 0, 'type': 'integer'}}, 'Assists': {'key': 'assists', 'stat': {'value': 0, 'type': 'integer'}}, 'Total shots': {'key': 'total_shots', 'stat': {'value': 2, 'type': 'integer'}, 'hideInPopupCard': True}, 'Accurate passes': {'key': 'accurate_passes', 'stat': {'value': 57, 'total': 58, 'type': 'fractionWithPercentage'}}, 'Chances created': {'key': 'chances_created', 'stat': {'value': 1, 'type': 'integer'}}, 'Shots on target': {'key': 'ShotsOnTarget', 'stat': {'value': 0, 'type': 'integer'}}, 'Shots off target': {'key': 'ShotsOffTarget', 'stat': {'value': 1, 'type': 'integer'}}, 'Blocked shots': {'key': 'blocked_shots', 'stat': {'value': 1, 'type': 'integer'}}, 'Shot accuracy': {'key': 'shot_accuracy', 'stat': {'value': 0, 'total': 1, 'type': 'fractionWithPercentage'}}, 'Shotmap': {'key': None, 'stat': {'value': 1, 'type': 'boolean'}}, 'Defensive actions': {'key': 'defensive_actions', 'stat': {'value': 2, 'type': 'integer'}}}}, {'title': 'Attack', 'key': 'attack', 'stats': {'Touches': {'key': 'touches', 'stat': {'value': 67, 'type': 'integer'}}, 'Touches in opposition box': {'key': 'touches_opp_box', 'stat': {'value': 1, 'type': 'integer'}}, 'Passes into final third': {'key': 'passes_into_final_third', 'stat': {'value': 10, 'type': 'integer'}}, 'Accurate crosses': {'key': 'accurate_crosses', 'stat': {'value': 0, 'total': 1, 'type': 'fractionWithPercentage'}}, 'Accurate long balls': {'key': 'long_balls_accurate', 'stat': {'value': 6, 'total': 6, 'type': 'fractionWithPercentage'}}, 'Dispossessed': {'key': 'dispossessed', 'stat': {'value': 0, 'type': 'integer'}}}}, {'title': 'Defense', 'key': 'defense', 'stats': {'Defensive actions': {'key': 'defensive_actions', 'stat': {'value': 2, 'type': 'integer'}}, 'Tackles': {'key': 'matchstats.headers.tackles', 'stat': {'value': 1, 'type': 'integer'}}, 'Blocks': {'key': 'shot_blocks', 'stat': {'value': 0, 'type': 'integer'}}, 'Clearances': {'key': 'clearances', 'stat': {'value': 0, 'type': 'integer'}}, 'Interceptions': {'key': 'interceptions', 'stat': {'value': 1, 'type': 'integer'}}, 'Recoveries': {'key': 'recoveries', 'stat': {'value': 9, 'type': 'integer'}}, 'Dribbled past': {'key': 'dribbled_past', 'stat': {'value': 1, 'type': 'integer'}}}}, {'title': 'Duels', 'key': 'duels', 'stats': {'Ground duels won': {'key': 'ground_duels_won', 'stat': {'value': 2, 'total': 5, 'type': 'fractionWithPercentage'}}, 'Aerial duels won': {'key': 'aerials_won', 'stat': {'value': 0, 'total': 1, 'type': 'fractionWithPercentage'}}, 'Was fouled': {'key': 'was_fouled', 'stat': {'value': 1, 'type': 'integer'}}, 'Fouls committed': {'key': 'fouls', 'stat': {'value': 3, 'type': 'integer'}}, 'Duels won': {'key': 'duel_won', 'stat': {'value': 2, 'type': 'integer'}, 'hideInPopupCard': True}, 'Duels lost': {'key': 'duel_lost', 'stat': {'value': 4, 'type': 'integer'}, 'hideInPopupCard': True}}}]",23,65,2,1000010853,6,Blooming,49678,Bolivar,5983,2026-05-10T23:30:00.000Z,0,0,7.21,90.0,0.0,0.0,2.0,57.0,58.0,1.0,,,,2.0,67.0,1.0,10.0,0.0,1.0,6.0,6.0,0.0,,,0.0,0.0,,1.0,9.0,1.0,2.0,4.0,2.0,5.0,0.0,1.0,1.0,3.0
Matías Abisab,316821,152812,49678,Blooming,False,"[{'title': 'Top stats', 'key': 'top_stats', 'stats': {'FotMob rating': {'key': 'rating_title', 'stat': {'value': 7.6, 'type': 'double'}}, 'Minutes played': {'key': 'minutes_played', 'stat': {'value': 90, 'type': 'integer'}}, 'Goals': {'key': 'goals', 'stat': {'value': 0, 'type': 'integer'}}, 'Assists': {'key': 'assists', 'stat': {'value': 0, 'type': 'integer'}}, 'Total shots': {'key': 'total_shots', 'stat': {'value': 4, 'type': 'integer'}, 'hideInPopupCard': True}, 'Accurate passes': {'key': 'accurate_passes', 'stat': {'value': 27, 'total': 34, 'type': 'fractionWithPercentage'}}, 'Chances created': {'key': 'chances_created', 'stat': {'value': 2, 'type': 'integer'}}, 'Shots on target': {'key': 'ShotsOnTarget', 'stat': {'value': 1, 'type': 'integer'}}, 'Shots off target': {'key': 'ShotsOffTarget', 'stat': {'value': 1, 'type': 'integer'}}, 'Blocked shots': {'key': 'blocked_shots', 'stat': {'value': 2, 'type': 'integer'}}, 'Shot accuracy': {'key': 'shot_accuracy', 'stat': {'value': 1, 'total': 2, 'type': 'fractionWithPercentage'}}, 'Shotmap': {'key': None, 'stat': {'value': 1, 'type': 'boolean'}}, 'Defensive actions': {'key': 'defensive_actions', 'stat': {'value': 5, 'type': 'integer'}}}}, {'title': 'Attack', 'key': 'attack', 'stats': {'Touches': {'key': 'touches', 'stat': {'value': 60, 'type': 'integer'}}, 'Touches in opposition box': {'key': 'touches_opp_box', 'stat': {'value': 2, 'type': 'integer'}}, 'Successful dribbles': {'key': 'dribbles_succeeded', 'stat': {'value': 1, 'total': 2, 'type': 'fractionWithPercentage'}}, 'Passes into final third': {'key': 'passes_into_final_third', 'stat': {'value': 8, 'type': 'integer'}}, 'Accurate crosses': {'key': 'accurate_crosses', 'stat': {'value': 1, 'total': 2, 'type': 'fractionWithPercentage'}}, 'Accurate long balls': {'key': 'long_balls_accurate', 'stat': {'value': 2, 'total': 3, 'type': 'fractionWithPercentage'}}, 'Corners': {'key': 'corners', 'stat': {'value': 1, 'type': 'integer'}}, 'Dispossessed': {'key': 'dispossessed', 'stat': {'value': 1, 'type': 'integer'}}}}, {'title': 'Defense', 'key': 'defense', 'stats': {'Defensive actions': {'key': 'defensive_actions', 'stat': {'value': 5, 'type': 'integer'}}, 'Tackles': {'key': 'matchstats.headers.tackles', 'stat': {'value': 3, 'type': 'integer'}}, 'Blocks': {'key': 'shot_blocks', 'stat': {'value': 0, 'type': 'integer'}}, 'Clearances': {'key': 'clearances', 'stat': {'value': 0, 'type': 'integer'}}, 'Interceptions': {'key': 'interceptions', 'stat': {'value': 2, 'type': 'integer'}}, 'Recoveries': {'key': 'recoveries', 'stat': {'value': 2, 'type': 'integer'}}, 'Dribbled past': {'key': 'dribbled_past', 'stat': {'value': 0, 'type': 'integer'}}}}, {'title': 'Duels', 'key': 'duels', 'stats': {'Ground duels won': {'key': 'ground_duels_won', 'stat': {'value': 6, 'total': 9, 'type': 'fractionWithPercentage'}}, 'Aerial duels won': {'key': 'aerials_won', 'stat': {'value': 1, 'total': 1, 'type': 'fractionWithPercentage'}}, 'Was fouled': {'key': 'was_fouled', 'stat': {'value': 2, 'type': 'integer'}}, 'Fouls committed': {'key': 'fouls', 'stat': {'value': 1, 'type': 'integer'}}, 'Duels won': {'key': 'duel_won', 'stat': {'value': 7, 'type': 'integer'}, 'hideInPopupCard': True}, 'Duels lost': {'key': 'duel_lost', 'stat': {'value': 3, 'type': 'integer'}, 'hideInPopupCard': True}}}]",19,73,2,1000010853,6,Blooming,49678,Bolivar,5983,2026-05-10T23:30:00.000Z,0,0,7.6,90.0,0.0,0.0,4.0,27.0,34.0,2.0,,,,5.0,60.0,2.0,8.0,1.0,2.0,2.0,3.0,1.0,,,0.0,0.0,,2.0,2.0,0.0,7.0,3.0,6.0,9.0,1.0,1.0,2.0,1.0
Danny Bejarano,421150,156872,49678,Blooming,False,"[{'title': 'Top stats', 'key': 'top_stats', 'stats': {'FotMob rating': {'key': 'rating_title', 'stat': {'value': 6.77, 'type': 'double'}}, 'Minutes played': {'key': 'minutes_played', 'stat': {'value': 57, 'type': 'integer'}}, 'Goals': {'key': 'goals', 'stat': {'value': 0, 'type': 'integer'}}, 'Assists': {'key': 'assists', 'stat': {'value': 0, 'type': 'integer'}}, 'Accurate passes': {'key': 'accurate_passes', 'stat': {'value': 22, 'total': 23, 'type': 'fractionWithPercentage'}}, 'Chances created': {'key': 'chances_created', 'stat': {'value': 1, 'type': 'integer'}}, 'Shotmap': {'key': None, 'stat': {'value': 0, 'type': 'boolean'}}, 'Defensive actions': {'key': 'defensive_actions', 'stat': {'value': 4, 'type': 'integer'}}}}, {'title': 'Attack', 'key': 'attack', 'stats': {'Touches': {'key': 'touches', 'stat': {'value': 30, 'type': 'integer'}}, 'Touches in opposition box': {'key': 'touches_opp_box', 'stat': {'value': 0, 'type': 'integer'}}, 'Passes into final third': {'key': 'passes_into_final_third', 'stat': {'value': 2, 'type': 'integer'}}, 'Accurate long balls': {'key': 'long_balls_accurate', 'stat': {'value': 1, 'total': 1, 'type': 'fractionWithPercentage'}}, 'Dispossessed': {'key': 'dispossessed', 'stat': {'value': 0, 'type': 'integer'}}}}, {'title': 'Defense', 'key': 'defense', 'stats': {'Defensive actions': {'key': 'defensive_actions', 'stat': {'value': 4, 'type': 'integer'}}, 'Tackles': {'key': 'matchstats.headers.tackles', 'stat': {'value': 1, 'type': 'integer'}}, 'Blocks': {'key': 'shot_blocks', 'stat': {'value': 0, 'type': 'integer'}}, 'Clearances': {'key': 'clearances', 'stat': {'value': 2, 'type': 'integer'}}, 'Headed clearance': {'key': 'headed_clearance', 'stat': {'value': 2, 'type': 'integer'}}, 'Interceptions': {'key': 'interceptions', 'stat': {'value': 1, 'type': 'integer'}}, 'Recoveries': {'key': 'recoveries', 'stat': {'value': 1, 'type': 'integer'}}, 'Dribbled past': {'key': 'dribbled_past', 'stat': {'value': 1, 'type': 'integer'}}}}, {'title': 'Duels', 'key': 'duels', 'stats': {'Ground duels won': {'key': 'ground_duels_won', 'stat': {'value': 2, 'total': 6, 'type': 'fractionWithPercentage'}}, 'Aerial duels won': {'key': 'aerials_won', 'stat': {'value': 1, 'total': 1, 'type': 'fractionWithPercentage'}}, 'Was fouled': {'key': 'was_fouled', 'stat': {'value': 1, 'type': 'integer'}}, 'Fouls committed': {'key': 'fouls', 'stat': {'value': 3, 'type': 'integer'}}, 'Duels won': {'key': 'duel_won', 'stat': {'value': 3, 'type': 'integer'}, 'hideInPopupCard': True}, 'Duels lost': {'key': 'duel_lost', 'stat': {'value': 4, 'type': 'integer'}, 'hideInPopupCard': True}}}]",16,75,2,1000010853,6,Blooming,49678,Bolivar,5983,2026-05-10T23:30:00.000Z,0,0,6.77,57.0,0.0,0.0,,22.0,23.0,1.0,,,,4.0,30.0,0.0,2.0,,,1.0,1.0,0.0,,,0.0,2.0,2.0,1.0,1.0,1.0,3.0,4.0,2.0,6.0,1.0,1.0,1.0,3.0
Erwin Saavedra,530284,179408,5983,Bolivar,False,"[{'title': 'Top stats', 'key': 'top_stats', 'stats': {'FotMob rating': {'key': 'rating_title', 'stat': {'value': 6.51, 'type': 'double'}}, 'Minutes played': {'key': 'minutes_played', 'stat': {'value': 11, 'type': 'integer'}}, 'Goals': {'key': 'goals', 'stat': {'value': 0, 'type': 'integer'}}, 'Assists': {'key': 'assists', 'stat': {'value': 0, 'type': 'integer'}}, 'Total shots': {'key': 'total_shots', 'stat': {'value': 1, 'type': 'integer'}, 'hideInPopupCard': True}, 'Accurate passes': {'key': 'accurate_passes', 'stat': {'value': 14, 'total': 15, 'type': 'fractionWithPercentage'}}, 'Chances created': {'key': 'chances_created', 'stat': {'value': 1, 'type': 'integer'}}, 'Shots on target': {'key': 'ShotsOnTarget', 'stat': {'value': 0, 'type': 'integer'}}, 'Shots off target': {'key': 'ShotsOffTarget', 'stat': {'value': 1, 'type': 'integer'}}, 'Shot accuracy': {'key': 'shot_accuracy', 'stat': {'value': 0, 'total': 1, 'type': 'fractionWithPercentage'}}, 'Shotmap': {'key': None, 'stat': {'value': 1, 'type': 'boolean'}}, 'Defensive actions': {'key': 'defensive_actions', 'stat': {'value': 0, 'type': 'integer'}}}}, {'title': 'Attack', 'key': 'attack', 'stats': {'Touches': {'key': 'touches', 'stat': {'value': 18, 'type': 'integer'}}, 'Touches in opposition box': {'key': 'touches_opp_box', 'stat': {'value': 1, 'type': 'integer'}}, 'Passes into final third': {'key': 'passes_into_final_third', 'stat': {'value': 3, 'type': 'integer'}}, 'Dispossessed': {'key': 'dispossessed', 'stat': {'value': 0, 'type': 'integer'}}}}, {'title': 'Defense', 'key': 'defense', 'stats': {'Defensive actions': {'key': 'defensive_actions', 'stat': {'value': 0, 'type': 'integer'}}, 'Tackles': {'key': 'matchstats.headers.tackles', 'stat': {'value': 0, 'type': 'integer'}}, 'Blocks': {'key': 'shot_blocks', 'stat': {'value': 0, 'type': 'integer'}}, 'Clearances': {'key': 'clearances', 'stat': {'value': 0, 'type': 'integer'}}, 'Interceptions': {'key': 'interceptions', 'stat': {'value': 0, 'type': 'integer'}}, 'Recoveries': {'key': 'recoveries', 'stat': {'value': 3, 'type': 'integer'}}, 'Dribbled past': {'key': 'dribbled_past', 'stat': {'value': 0, 'type': 'integer'}}}}, {'title': 'Duels', 'key': 'duels', 'stats': {'Ground duels won': {'key': 'ground_duels_won', 'stat': {'value': 1, 'total': 1, 'type': 'fractionWithPercentage'}}, 'Aerial duels won': {'key': 'aerials_won', 'stat': {'value': 0, 'total': 0, 'type': 'fractionWithPercentage'}}, 'Was fouled': {'key': 'was_fouled', 'stat': {'value': 1, 'type': 'integer'}}, 'Fouls committed': {'key': 'fouls', 'stat': {'value': 0, 'type': 'integer'}}, 'Duels won': {'key': 'duel_won', 'stat': {'value': 1, 'type': 'integer'}, 'hideInPopupCard': True}}}]",26,,,1000010853,6,Blooming,49678,Bolivar,5983,2026-05-10T23:30:00.000Z,0,0,6.51,11.0,0.0,0.0,1.0,14.0,15.0,1.0,,,,0.0,18.0,1.0,3.0,,,,,0.0,,,0.0,0.0,,0.0,3.0,0.0,1.0,,1.0,1.0,0.0,0.0,1.0,0.0
Santiago Echeverría,585908,169938,5983,Bolivar,False,"[{'title': 'Top stats', 'key': 'top_stats', 'stats': {'FotMob rating': {'key': 'rating_title', 'stat': {'value': 6.61, 'type': 'double'}}, 'Minutes played': {'key': 'minutes_played', 'stat': {'value': 70, 'type': 'integer'}}, 'Goals': {'key': 'goals', 'stat': {'value': 0, 'type': 'integer'}}, 'Assists': {'key': 'assists', 'stat': {'value': 0, 'type': 'integer'}}, 'Accurate passes': {'key': 'accurate_passes', 'stat': {'value': 27, 'total': 33, 'type': 'fractionWithPercentage'}}, 'Chances created': {'key': 'chances_created', 'stat': {'value': 0, 'type': 'integer'}}, 'Shotmap': {'key': None, 'stat': {'value': 0, 'type': 'boolean'}}, 'Defensive actions': {'key': 'defensive_actions', 'stat': {'value': 4, 'type': 'integer'}}}}, {'title': 'Attack', 'key': 'attack', 'stats': {'Touches': {'key': 'touches', 'stat': {'value': 38, 'type': 'integer'}}, 'Touches in opposition box': {'key': 'touches_opp_box', 'stat': {'value': 0, 'type': 'integer'}}, 'Passes into final third': {'key': 'passes_into_final_third', 'stat': {'value': 1, 'type': 'integer'}}, 'Accurate long balls': {'key': 'long_balls_accurate', 'stat': {'value': 1, 'total': 4, 'type': 'fractionWithPercentage'}}, 'Dispossessed': {'key': 'dispossessed', 'stat': {'value': 0, 'type': 'integer'}}}}, {'title': 'Defense', 'key': 'defense', 'stats': {'Defensive actions': {'key': 'defensive_actions', 'stat': {'value': 4, 'type': 'integer'}}, 'Tackles': {'key': 'matchstats.headers.tackles', 'stat': {'value': 1, 'type': 'integer'}}, 'Blocks': {'key': 'shot_blocks', 'stat': {'value': 0, 'type': 'integer'}}, 'Clearances': {'key': 'clearances', 'stat': {'value': 3, 'type': 'integer'}}, 'Headed clearance': {'key': 'headed_clearance', 'stat': {'value': 2, 'type': 'integer'}}, 'Interceptions': {'key': 'interceptions', 'stat': {'value': 0, 'type': 'integer'}}, 'Recoveries': {'key': 'recoveries', 'stat': {'value': 1, 'type': 'integer'}}, 'Dribbled past': {'key': 'dribbled_past', 'stat': {'value': 0, 'type': 'integer'}}}}, {'title': 'Duels', 'key': 'duels', 'stats': {'Ground duels won': {'key': 'ground_duels_won', 'stat': {'value': 1, 'total': 2, 'type': 'fractionWithPercentage'}}, 'Aerial duels won': {'key': 'aerials_won', 'stat': {'value': 1, 'total': 2, 'type': 'fractionWithPercentage'}}, 'Was fouled': {'key': 'was_fouled', 'stat': {'type': 'integer'}}, 'Fouls committed': {'key': 'fouls', 'stat': {'value': 1, 'type': 'integer'}}, 'Duels won': {'key': 'duel_won', 'stat': {'value': 2, 'type': 'integer'}, 'hideInPopupCard': True}, 'Duels lost': {'key': 'duel_lost', 'stat': {'value': 2, 'type': 'integer'}, 'hideInPopupCard': True}}}]",5,36,1,1000010853,6,Blooming,49678,Bolivar,5983,2026-05-10T23:30:00.000Z,0,0,6.61,70.0,0.0,0.0,,27.0,33.0,0.0,,,,4.0,38.0,0.0,1.0,,,1.0,4.0,0.0,,,0.0,3.0,2.0,0.0,1.0,0.0,2.0,2.0,1.0,2.0,1.0,2.0,,1.0
Braulio Uraezaña,591058,198571,49678,Blooming,True,"[{'title': 'Top stats', 'key': 'top_stats', 'stats': {'FotMob rating': {'key': 'rating_title', 'stat': {'value': 8.24, 'type': 'double'}}, 'Minutes played': {'key': 'minutes_played', 'stat': {'value': 90, 'type': 'integer'}}, 'Saves': {'key': 'saves', 'stat': {'value': 7, 'type': 'integer'}}, 'Goals conceded': {'key': 'goals_conceded', 'stat': {'value': 0, 'type': 'integer'}}, 'Shotmap': {'key': None, 'stat': {'value': 1, 'type': 'boolean'}}, 'Accurate passes': {'key': 'accurate_passes', 'stat': {'value': 24, 'total': 35, 'type': 'fractionWithPercentage'}}, 'Accurate long balls': {'key': 'long_balls_accurate', 'stat': {'value': 3, 'total': 13, 'type': 'fractionWithPercentage'}}, 'Diving save': {'key': 'keeper_diving_save', 'stat': {'value': 0, 'type': 'integer'}}, 'Saves inside box': {'key': 'saves_inside_box', 'stat': {'value': 5, 'type': 'integer'}}, 'Acted as sweeper': {'key': 'keeper_sweeper', 'stat': {'value': 0, 'type': 'integer'}}, 'Punches': {'key': 'punches', 'stat': {'value': 0, 'type': 'integer'}}, 'Throws': {'key': 'player_throws', 'stat': {'value': 2, 'type': 'integer'}}, 'High claim': {'key': 'keeper_high_claim', 'stat': {'value': 0, 'type': 'integer'}}, 'Recoveries': {'key': 'recoveries', 'stat': {'value': 7, 'type': 'integer'}}, 'Clearances': {'key': 'clearances', 'stat': {'value': 5, 'type': 'integer'}}, 'Touches': {'key': 'touches', 'stat': {'value': 49, 'type': 'integer'}}, 'Defensive actions': {'key': 'defensive_actions', 'stat': {'value': 5, 'type': 'integer'}, 'hideInPopupCard': True}, 'Was fouled': {'key': 'was_fouled', 'stat': {'type': 'integer'}, 'hideInPopupCard': True}, 'Fouls committed': {'key': 'fouls', 'stat': {'value': 0, 'type': 'integer'}, 'hideInPopupCard': True}, 'Tackles': {'key': 'matchstats.headers.tackles', 'stat': {'value': 0, 'type': 'integer'}, 'hideInPopupCard': True}, 'Passes into final third': {'key': 'passes_into_final_third', 'stat': {'value': 3, 'type': 'integer'}, 'hideInPopupCard': True}, 'Interceptions': {'key': 'interceptions', 'stat': {'value': 0, 'type': 'integer'}, 'hideInPopupCard': True}}}]",1,11,0,1000010853,6,Blooming,49678,Bolivar,5983,2026-05-10T23:30:00.000Z,0,0,8.24,90.0,,,,24.0,35.0,,,,,5.0,,,,,,,,,,,,,,,,,,,,,,,,
Moisés Villarroel,614051,167355,49678,Blooming,False,"[{'title': 'Top stats', 'key': 'top_stats', 'stats': {'FotMob rating': {'key': 'rating_title', 'stat': {'value': 6.15, 'type': 'double'}}, 'Minutes played': {'key': 'minutes_played', 'stat': {'value': 71, 'type': 'integer'}}, 'Goals': {'key': 'goals', 'stat': {'value': 0, 'type': 'integer'}}, 'Assists': {'key': 'assists', 'stat': {'value': 0, 'type': 'integer'}}, 'Total shots': {'key': 'total_shots', 'stat': {'value': 1, 'type': 'integer'}, 'hideInPopupCard': True}, 'Accurate passes': {'key': 'accurate_passes', 'stat': {'value': 17, 'total': 20, 'type': 'fractionWithPercentage'}}, 'Chances created': {'key': 'chances_created', 'stat': {'value': 0, 'type': 'integer'}}, 'Shots on target': {'key': 'ShotsOnTarget', 'stat': {'value': 0, 'type': 'integer'}}, 'Shots off target': {'key': 'ShotsOffTarget', 'stat': {'value': 1, 'type': 'integer'}}, 'Shot accuracy': {'key': 'shot_accuracy', 'stat': {'value': 0, 'total': 1, 'type': 'fractionWithPercentage'}}, 'Shotmap': {'key': None, 'stat': {'value': 1, 'type': 'boolean'}}, 'Defensive actions': {'key': 'defensive_actions', 'stat': {'value': 2, 'type': 'integer'}}}}, {'title': 'Attack', 'key': 'attack', 'stats': {'Touches': {'key': 'touches', 'stat': {'value': 28, 'type': 'integer'}}, 'Touches in opposition box': {'key': 'touches_opp_box', 'stat': {'value': 1, 'type': 'integer'}}, 'Successful dribbles': {'key': 'dribbles_succeeded', 'stat': {'value': 0, 'total': 1, 'type': 'fractionWithPercentage'}}, 'Passes into final third': {'key': 'passes_into_final_third', 'stat': {'value': 6, 'type': 'integer'}}, 'Accurate long balls': {'key': 'long_balls_accurate', 'stat': {'value': 0, 'total': 2, 'type': 'fractionWithPercentage'}}, 'Dispossessed': {'key': 'dispossessed', 'stat': {'value': 1, 'type': 'integer'}}}}, {'title': 'Defense', 'key': 'defense', 'stats': {'Defensive actions': {'key': 'defensive_actions', 'stat': {'value': 2, 'type': 'integer'}}, 'Tackles': {'key': 'matchstats.headers.tackles', 'stat': {'value': 0, 'type': 'integer'}}, 'Blocks': {'key': 'shot_blocks', 'stat': {'value': 0, 'type': 'integer'}}, 'Clearances': {'key': 'clearances', 'stat': {'value': 2, 'type': 'integer'}}, 'Interceptions': {'key': 'interceptions', 'stat': {'value': 0, 'type': 'integer'}}, 'Recoveries': {'key': 'recoveries', 'stat': {'value': 3, 'type': 'integer'}}, 'Dribbled past': {'key': 'dribbled_past', 'stat': {'value': 0, 'type': 'integer'}}}}, {'title': 'Duels', 'key': 'duels', 'stats': {'Ground duels won': {'key': 'ground_duels_won', 'stat': {'value': 1, 'total': 4, 'type': 'fractionWithPercentage'}}, 'Aerial duels won': {'key': 'aerials_won', 'stat': {'value': 0, 'total': 0, 'type': 'fractionWithPercentage'}}, 'Was fouled': {'key': 'was_fouled', 'stat': {'value': 1, 'type': 'integer'}}, 'Fouls committed': {'key': 'fouls', 'stat': {'value': 1, 'type': 'integer'}}, 'Duels won': {'key': 'duel_won', 'stat': {'value': 1, 'type': 'integer'}, 'hideInPopupCard': True}, 'Duels lost': {'key': 'duel_lost', 'stat': {'value': 3, 'type': 'integer'}, 'hideInPopupCard': True}}}]",8,77,2,1000010853,6,Blooming,49678,Bolivar,5983,2026-05-10T23:30:00.000Z,0,0,6.15,71.0,0.0,0.0,1.0,17.0,20.0,0.0,,,,2.0,28.0,1.0,6.0,,,0.0,2.0,1.0,,,0.0,2.0,,0.0,3.0,0.0,1.0,3.0,1.0,4.0,0.0,0.0,1.0,1.0
José Sagredo,807776,167329,5983,Bolivar,False,"[{'title': 'Top stats', 'key': 'top_stats', 'stats': {'FotMob rating': {'key': 'rating_title', 'stat': {'value': 7.03, 'type': 'double'}}, 'Minutes played': {'key': 'minutes_played', 'stat': {'value': 90, 'type': 'integer'}}, 'Goals': {'key': 'goals', 'stat': {'value': 0, 'type': 'integer'}}, 'Assists': {'key': 'assists', 'stat': {'value': 0, 'type': 'integer'}}, 'Total shots': {'key': 'total_shots', 'stat': {'value': 1, 'type': 'integer'}, 'hideInPopupCard': True}, 'Accurate passes': {'key': 'accurate_passes', 'stat': {'value': 38, 'total': 52, 'type': 'fractionWithPercentage'}}, 'Chances created': {'key': 'chances_created', 'stat': {'value': 1, 'type': 'integer'}}, 'Shots on target': {'key': 'ShotsOnTarget', 'stat': {'value': 1, 'type': 'integer'}}, 'Shots off target': {'key': 'ShotsOffTarget', 'stat': {'value': 0, 'type': 'integer'}}, 'Shot accuracy': {'key': 'shot_accuracy', 'stat': {'value': 1, 'total': 1, 'type': 'fractionWithPercentage'}}, 'Shotmap': {'key': None, 'stat': {'value': 1, 'type': 'boolean'}}, 'Defensive actions': {'key': 'defensive_actions', 'stat': {'value': 5, 'type': 'integer'}}}}, {'title': 'Attack', 'key': 'attack', 'stats': {'Touches': {'key': 'touches', 'stat': {'value': 71, 'type': 'integer'}}, 'Touches in opposition box': {'key': 'touches_opp_box', 'stat': {'value': 3, 'type': 'integer'}}, 'Passes into final third': {'key': 'passes_into_final_third', 'stat': {'value': 9, 'type': 'integer'}}, 'Accurate crosses': {'key': 'accurate_crosses', 'stat': {'value': 1, 'total': 3, 'type': 'fractionWithPercentage'}}, 'Accurate long balls': {'key': 'long_balls_accurate', 'stat': {'value': 4, 'total': 11, 'type': 'fractionWithPercentage'}}, 'Dispossessed': {'key': 'dispossessed', 'stat': {'value': 0, 'type': 'integer'}}}}, {'title': 'Defense', 'key': 'defense', 'stats': {'Defensive actions': {'key': 'defensive_actions', 'stat': {'value': 5, 'type': 'integer'}}, 'Tackles': {'key': 'matchstats.headers.tackles', 'stat': {'value': 0, 'type': 'integer'}}, 'Blocks': {'key': 'shot_blocks', 'stat': {'value': 0, 'type': 'integer'}}, 'Clearances': {'key': 'clearances', 'stat': {'value': 3, 'type': 'integer'}}, 'Headed clearance': {'key': 'headed_clearance', 'stat': {'value': 1, 'type': 'integer'}}, 'Interceptions': {'key': 'interceptions', 'stat': {'value': 2, 'type': 'integer'}}, 'Recoveries': {'key': 'recoveries', 'stat': {'value': 4, 'type': 'integer'}}, 'Dribbled past': {'key': 'dribbled_past', 'stat': {'value': 1, 'type': 'integer'}}}}, {'title': 'Duels', 'key': 'duels', 'stats': {'Ground duels won': {'key': 'ground_duels_won', 'stat': {'value': 0, 'total': 1, 'type': 'fractionWithPercentage'}}, 'Aerial duels won': {'key': 'aerials_won', 'stat': {'value': 0, 'total': 1, 'type': 'fractionWithPercentage'}}, 'Was fouled': {'key': 'was_fouled', 'stat': {'type': 'integer'}}, 'Fouls committed': {'key': 'fouls', 'stat': {'value': 0, 'type': 'integer'}}, 'Duels lost': {'key': 'duel_lost', 'stat': {'value': 2, 'type': 'integer'}, 'hideInPopupCard': True}}}]",4,38,1,1000010853,6,Blooming,49678,Bolivar,5983,2026-05-10T23:30:00.000Z,0,0,7.03,90.0,0.0,0.0,1.0,38.0,52.0,1.0,,,,5.0,71.0,3.0,9.0,1.0,3.0,4.0,11.0,0.0,,,0.0,3.0,1.0,2.0,4.0,1.0,,2.0,0.0,1.0,0.0,1.0,,0.0
Carlos Melgar,813372,233284,5983,Bolivar,False,"[{'title': 'Top stats', 'key': 'top_stats', 'stats': {'FotMob rating': {'key': 'rating_title', 'stat': {'value': 7.25, 'type': 'double'}}, 'Minutes played': {'key': 'minutes_played', 'stat': {'value': 79, 'type': 'integer'}}, 'Goals': {'key': 'goals', 'stat': {'value': 0, 'type': 'integer'}}, 'Assists': {'key': 'assists', 'stat': {'value': 0, 'type': 'integer'}}, 'Total shots': {'key': 'total_shots', 'stat': {'value': 2, 'type': 'integer'}, 'hideInPopupCard': True}, 'Accurate passes': {'key': 'accurate_passes', 'stat': {'value': 24, 'total': 25, 'type': 'fractionWithPercentage'}}, 'Chances created': {'key': 'chances_created', 'stat': {'value': 1, 'type': 'integer'}}, 'Shots on target': {'key': 'ShotsOnTarget', 'stat': {'value': 2, 'type': 'integer'}}, 'Shots off target': {'key': 'ShotsOffTarget', 'stat': {'value': 0, 'type': 'integer'}}, 'Shot accuracy': {'key': 'shot_accuracy', 'stat': {'value': 2, 'total': 2, 'type': 'fractionWithPercentage'}}, 'Shotmap': {'key': None, 'stat': {'value': 1, 'type': 'boolean'}}, 'Defensive actions': {'key': 'defensive_actions', 'stat': {'value': 0, 'type': 'integer'}}}}, {'title': 'Attack', 'key': 'attack', 'stats': {'Touches': {'key': 'touches', 'stat': {'value': 42, 'type': 'integer'}}, 'Touches in opposition box': {'key': 'touches_opp_box', 'stat': {'value': 5, 'type': 'integer'}}, 'Successful dribbles': {'key': 'dribbles_succeeded', 'stat': {'value': 1, 'total': 1, 'type': 'fractionWithPercentage'}}, 'Passes into final third': {'key': 'passes_into_final_third', 'stat': {'value': 6, 'type': 'integer'}}, 'Accurate crosses': {'key': 'accurate_crosses', 'stat': {'value': 0, 'total': 2, 'type': 'fractionWithPercentage'}}, 'Accurate long balls': {'key': 'long_balls_accurate', 'stat': {'value': 2, 'total': 3, 'type': 'fractionWithPercentage'}}, 'Dispossessed': {'key': 'dispossessed', 'stat': {'value': 1, 'type': 'integer'}}}}, {'title': 'Defense', 'key': 'defense', 'stats': {'Defensive actions': {'key': 'defensive_actions', 'stat': {'value': 0, 'type': 'integer'}}, 'Tackles': {'key': 'matchstats.headers.tackles', 'stat': {'value': 0, 'type': 'integer'}}, 'Blocks': {'key': 'shot_blocks', 'stat': {'value': 0, 'type': 'integer'}}, 'Clearances': {'key': 'clearances', 'stat': {'value': 0, 'type': 'integer'}}, 'Interceptions': {'key': 'interceptions', 'stat': {'value': 0, 'type': 'integer'}}, 'Recoveries': {'key': 'recoveries', 'stat': {'value': 5, 'type': 'integer'}}, 'Dribbled past': {'key': 'dribbled_past', 'stat': {'value': 0, 'type': 'integer'}}}}, {'title': 'Duels', 'key': 'duels', 'stats': {'Ground duels won': {'key': 'ground_duels_won', 'stat': {'value': 3, 'total': 4, 'type': 'fractionWithPercentage'}}, 'Aerial duels won': {'key': 'aerials_won', 'stat': {'value': 0, 'total': 0, 'type': 'fractionWithPercentage'}}, 'Was fouled': {'key': 'was_fouled', 'stat': {'value': 2, 'type': 'integer'}}, 'Fouls committed': {'key': 'fouls', 'stat': {'value': 0, 'type': 'integer'}}, 'Duels won': {'key': 'duel_won', 'stat': {'value': 3, 'type': 'integer'}, 'hideInPopupCard': True}, 'Duels lost': {'key': 'duel_lost', 'stat': {'value': 1, 'type': 'integer'}, 'hideInPopupCard': True}}}]",80,86,2,1000010853,6,Blooming,49678,Bolivar,5983,2026-05-10T23:30:00.000Z,0,0,7.25,79.0,0.0,0.0,2.0,24.0,25.0,1.0,,,,0.0,42.0,5.0,6.0,0.0,2.0,2.0,3.0,1.0,,,0.0,0.0,,0.0,5.0,0.0,3.0,1.0,3.0,4.0,0.0,0.0,2.0,0.0
John García,852106,424991,5983,Bolivar,False,"[{'title': 'Top stats', 'key': 'top_stats', 'stats': {'FotMob rating': {'key': 'rating_title', 'stat': {'value': 6.43, 'type': 'double'}}, 'Minutes played': {'key': 'minutes_played', 'stat': {'value': 23, 'type': 'integer'}}, 'Goals': {'key': 'goals', 'stat': {'value': 0, 'type': 'integer'}}, 'Assists': {'key': 'assists', 'stat': {'value': 0, 'type': 'integer'}}, 'Accurate passes': {'key': 'accurate_passes', 'stat': {'value': 12, 'total': 15, 'type': 'fractionWithPercentage'}}, 'Chances created': {'key': 'chances_created', 'stat': {'value': 0, 'type': 'integer'}}, 'Shotmap': {'key': None, 'stat': {'value': 0, 'type': 'boolean'}}, 'Defensive actions': {'key': 'defensive_actions', 'stat': {'value': 1, 'type': 'integer'}}}}, {'title': 'Attack', 'key': 'attack', 'stats': {'Touches': {'key': 'touches', 'stat': {'value': 18, 'type': 'integer'}}, 'Touches in opposition box': {'key': 'touches_opp_box', 'stat': {'value': 0, 'type': 'integer'}}, 'Passes into final third': {'key': 'passes_into_final_third', 'stat': {'value': 1, 'type': 'integer'}}, 'Accurate crosses': {'key': 'accurate_crosses', 'stat': {'value': 0, 'total': 1, 'type': 'fractionWithPercentage'}}, 'Accurate long balls': {'key': 'long_balls_accurate', 'stat': {'value': 0, 'total': 1, 'type': 'fractionWithPercentage'}}, 'Corners': {'key': 'corners', 'stat': {'value': 1, 'type': 'integer'}}, 'Dispossessed': {'key': 'dispossessed', 'stat': {'value': 0, 'type': 'integer'}}}}, {'title': 'Defense', 'key': 'defense', 'stats': {'Defensive actions': {'key': 'defensive_actions', 'stat': {'value': 1, 'type': 'integer'}}, 'Tackles': {'key': 'matchstats.headers.tackles', 'stat': {'value': 1, 'type': 'integer'}}, 'Blocks': {'key': 'shot_blocks', 'stat': {'value': 0, 'type': 'integer'}}, 'Clearances': {'key': 'clearances', 'stat': {'value': 0, 'type': 'integer'}}, 'Interceptions': {'key': 'interceptions', 'stat': {'value': 0, 'type': 'integer'}}, 'Recoveries': {'key': 'recoveries', 'stat': {'value': 3, 'type': 'integer'}}, 'Dribbled past': {'key': 'dribbled_past', 'stat': {'value': 0, 'type': 'integer'}}}}, {'title': 'Duels', 'key': 'duels', 'stats': {'Ground duels won': {'key': 'ground_duels_won', 'stat': {'value': 1, 'total': 1, 'type': 'fractionWithPercentage'}}, 'Aerial duels won': {'key': 'aerials_won', 'stat': {'value': 0, 'total': 0, 'type': 'fractionWithPercentage'}}, 'Was fouled': {'key': 'was_fouled', 'stat': {'type': 'integer'}}, 'Fouls committed': {'key': 'fouls', 'stat': {'value': 0, 'type': 'integer'}}, 'Duels won': {'key': 'duel_won', 'stat': {'value': 1, 'type': 'integer'}, 'hideInPopupCard': True}}}]",19,,,1000010853,6,Blooming,49678,Bolivar,5983,2026-05-10T23:30:00.000Z,0,0,6.43,23.0,0.0,0.0,,12.0,15.0,0.0,,,,1.0,18.0,0.0,1.0,0.0,1.0,0.0,1.0,0.0,,,0.0,0.0,,0.0,3.0,0.0,1.0,,1.0,1.0,0.0,0.0,,0.0
José Carrasco,852107,230906,49678,Blooming,False,[],55,,,1000010853,6,Blooming,49678,Bolivar,5983,2026-05-10T23:30:00.000Z,0,0,,,,,,,,,,,,,,,,,,,,,,,,,,,,,,,,,,,,
Braian Oyola,887577,437215,5983,Bolivar,False,"[{'title': 'Top stats', 'key': 'top_stats', 'stats': {'FotMob rating': {'key': 'rating_title', 'stat': {'value': 7.1, 'type': 'double'}}, 'Minutes played': {'key': 'minutes_played', 'stat': {'value': 78, 'type': 'integer'}}, 'Goals': {'key': 'goals', 'stat': {'value': 0, 'type': 'integer'}}, 'Assists': {'key': 'assists', 'stat': {'value': 0, 'type': 'integer'}}, 'Total shots': {'key': 'total_shots', 'stat': {'value': 3, 'type': 'integer'}, 'hideInPopupCard': True}, 'Accurate passes': {'key': 'accurate_passes', 'stat': {'value': 19, 'total': 24, 'type': 'fractionWithPercentage'}}, 'Chances created': {'key': 'chances_created', 'stat': {'value': 0, 'type': 'integer'}}, 'Shots on target': {'key': 'ShotsOnTarget', 'stat': {'value': 1, 'type': 'integer'}}, 'Shots off target': {'key': 'ShotsOffTarget', 'stat': {'value': 2, 'type': 'integer'}}, 'Shot accuracy': {'key': 'shot_accuracy', 'stat': {'value': 1, 'total': 3, 'type': 'fractionWithPercentage'}}, 'Shotmap': {'key': None, 'stat': {'value': 1, 'type': 'boolean'}}, 'Defensive actions': {'key': 'defensive_actions', 'stat': {'value': 4, 'type': 'integer'}}}}, {'title': 'Attack', 'key': 'attack', 'stats': {'Touches': {'key': 'touches', 'stat': {'value': 41, 'type': 'integer'}}, 'Touches in opposition box': {'key': 'touches_opp_box', 'stat': {'value': 4, 'type': 'integer'}}, 'Passes into final third': {'key': 'passes_into_final_third', 'stat': {'value': 6, 'type': 'integer'}}, 'Accurate crosses': {'key': 'accurate_crosses', 'stat': {'value': 0, 'total': 3, 'type': 'fractionWithPercentage'}}, 'Accurate long balls': {'key': 'long_balls_accurate', 'stat': {'value': 0, 'total': 1, 'type': 'fractionWithPercentage'}}, 'Dispossessed': {'key': 'dispossessed', 'stat': {'value': 0, 'type': 'integer'}}}}, {'title': 'Defense', 'key': 'defense', 'stats': {'Defensive actions': {'key': 'defensive_actions', 'stat': {'value': 4, 'type': 'integer'}}, 'Tackles': {'key': 'matchstats.headers.tackles', 'stat': {'value': 4, 'type': 'integer'}}, 'Blocks': {'key': 'shot_blocks', 'stat': {'value': 0, 'type': 'integer'}}, 'Clearances': {'key': 'clearances', 'stat': {'value': 0, 'type': 'integer'}}, 'Interceptions': {'key': 'interceptions', 'stat': {'value': 0, 'type': 'integer'}}, 'Recoveries': {'key': 'recoveries', 'stat': {'value': 2, 'type': 'integer'}}, 'Dribbled past': {'key': 'dribbled_past', 'stat': {'value': 2, 'type': 'integer'}}}}, {'title': 'Duels', 'key': 'duels', 'stats': {'Ground duels won': {'key': 'ground_duels_won', 'stat': {'value': 5, 'total': 7, 'type': 'fractionWithPercentage'}}, 'Aerial duels won': {'key': 'aerials_won', 'stat': {'value': 0, 'total': 0, 'type': 'fractionWithPercentage'}}, 'Was fouled': {'key': 'was_fouled', 'stat': {'value': 1, 'type': 'integer'}}, 'Fouls committed': {'key': 'fouls', 'stat': {'value': 0, 'type': 'integer'}}, 'Duels won': {'key': 'duel_won', 'stat': {'value': 5, 'type': 'integer'}, 'hideInPopupCard': True}, 'Duels lost': {'key': 'duel_lost', 'stat': {'value': 2, 'type': 'integer'}, 'hideInPopupCard': True}}}]",11,82,3,1000010853,6,Blooming,49678,Bolivar,5983,2026-05-10T23:30:00.000Z,0,0,7.1,78.0,0.0,0.0,3.0,19.0,24.0,0.0,,,,4.0,41.0,4.0,6.0,0.0,3.0,0.0,1.0,0.0,,,0.0,0.0,,0.0,2.0,2.0,5.0,2.0,5.0,7.0,0.0,0.0,1.0,0.0
Juan Mercado,921010,228068,49678,Blooming,False,"[{'title': 'Top stats', 'key': 'top_stats', 'stats': {'FotMob rating': {'key': 'rating_title', 'stat': {'value': 6.53, 'type': 'double'}}, 'Minutes played': {'key': 'minutes_played', 'stat': {'value': 33, 'type': 'integer'}}, 'Goals': {'key': 'goals', 'stat': {'value': 0, 'type': 'integer'}}, 'Assists': {'key': 'assists', 'stat': {'value': 0, 'type': 'integer'}}, 'Accurate passes': {'key': 'accurate_passes', 'stat': {'value': 12, 'total': 13, 'type': 'fractionWithPercentage'}}, 'Chances created': {'key': 'chances_created', 'stat': {'value': 0, 'type': 'integer'}}, 'Shotmap': {'key': None, 'stat': {'value': 0, 'type': 'boolean'}}, 'Defensive actions': {'key': 'defensive_actions', 'stat': {'value': 2, 'type': 'integer'}}}}, {'title': 'Attack', 'key': 'attack', 'stats': {'Touches': {'key': 'touches', 'stat': {'value': 15, 'type': 'integer'}}, 'Touches in opposition box': {'key': 'touches_opp_box', 'stat': {'value': 0, 'type': 'integer'}}, 'Passes into final third': {'key': 'passes_into_final_third', 'stat': {'value': 1, 'type': 'integer'}}, 'Accurate long balls': {'key': 'long_balls_accurate', 'stat': {'value': 1, 'total': 2, 'type': 'fractionWithPercentage'}}, 'Dispossessed': {'key': 'dispossessed', 'stat': {'value': 0, 'type': 'integer'}}}}, {'title': 'Defense', 'key': 'defense', 'stats': {'Defensive actions': {'key': 'defensive_actions', 'stat': {'value': 2, 'type': 'integer'}}, 'Tackles': {'key': 'matchstats.headers.tackles', 'stat': {'value': 1, 'type': 'integer'}}, 'Blocks': {'key': 'shot_blocks', 'stat': {'value': 0, 'type': 'integer'}}, 'Clearances': {'key': 'clearances', 'stat': {'value': 1, 'type': 'integer'}}, 'Headed clearance': {'key': 'headed_clearance', 'stat': {'value': 1, 'type': 'integer'}}, 'Interceptions': {'key': 'interceptions', 'stat': {'value': 0, 'type': 'integer'}}, 'Recoveries': {'key': 'recoveries', 'stat': {'value': 2, 'type': 'integer'}}, 'Dribbled past': {'key': 'dribbled_past', 'stat': {'value': 0, 'type': 'integer'}}}}, {'title': 'Duels', 'key': 'duels', 'stats': {'Ground duels won': {'key': 'ground_duels_won', 'stat': {'value': 1, 'total': 1, 'type': 'fractionWithPercentage'}}, 'Aerial duels won': {'key': 'aerials_won', 'stat': {'value': 0, 'total': 0, 'type': 'fractionWithPercentage'}}, 'Was fouled': {'key': 'was_fouled', 'stat': {'type': 'integer'}}, 'Fouls committed': {'key': 'fouls', 'stat': {'value': 0, 'type': 'integer'}}, 'Duels won': {'key': 'duel_won', 'stat': {'value': 1, 'type': 'integer'}, 'hideInPopupCard': True}}}]",14,,,1000010853,6,Blooming,49678,Bolivar,5983,2026-05-10T23:30:00.000Z,0,0,6.53,33.0,0.0,0.0,,12.0,13.0,0.0,,,,2.0,15.0,0.0,1.0,,,1.0,2.0,0.0,,,0.0,1.0,1.0,0.0,2.0,0.0,1.0,,1.0,1.0,0.0,0.0,,0.0
Jesús Sagredo,1003633,433716,5983,Bolivar,False,[],2,,,1000010853,6,Blooming,49678,Bolivar,5983,2026-05-10T23:30:00.000Z,0,0,,,,,,,,,,,,,,,,,,,,,,,,,,,,,,,,,,,,
Diego Méndez,1021946,444456,5983,Bolivar,False,[],13,,,1000010853,6,Blooming,49678,Bolivar,5983,2026-05-10T23:30:00.000Z,0,0,,,,,,,,,,,,,,,,,,,,,,,,,,,,,,,,,,,,
Marc Enoumba,1035351,473994,49678,Blooming,False,"[{'title': 'Top stats', 'key': 'top_stats', 'stats': {'FotMob rating': {'key': 'rating_title', 'stat': {'value': 6.83, 'type': 'double'}}, 'Minutes played': {'key': 'minutes_played', 'stat': {'value': 90, 'type': 'integer'}}, 'Goals': {'key': 'goals', 'stat': {'value': 0, 'type': 'integer'}}, 'Assists': {'key': 'assists', 'stat': {'value': 0, 'type': 'integer'}}, 'Accurate passes': {'key': 'accurate_passes', 'stat': {'value': 25, 'total': 31, 'type': 'fractionWithPercentage'}}, 'Chances created': {'key': 'chances_created', 'stat': {'value': 0, 'type': 'integer'}}, 'Shotmap': {'key': None, 'stat': {'value': 0, 'type': 'boolean'}}, 'Defensive actions': {'key': 'defensive_actions', 'stat': {'value': 5, 'type': 'integer'}}}}, {'title': 'Attack', 'key': 'attack', 'stats': {'Touches': {'key': 'touches', 'stat': {'value': 39, 'type': 'integer'}}, 'Touches in opposition box': {'key': 'touches_opp_box', 'stat': {'value': 0, 'type': 'integer'}}, 'Passes into final third': {'key': 'passes_into_final_third', 'stat': {'value': 3, 'type': 'integer'}}, 'Accurate long balls': {'key': 'long_balls_accurate', 'stat': {'value': 4, 'total': 5, 'type': 'fractionWithPercentage'}}, 'Dispossessed': {'key': 'dispossessed', 'stat': {'value': 1, 'type': 'integer'}}}}, {'title': 'Defense', 'key': 'defense', 'stats': {'Defensive actions': {'key': 'defensive_actions', 'stat': {'value': 5, 'type': 'integer'}}, 'Tackles': {'key': 'matchstats.headers.tackles', 'stat': {'value': 1, 'type': 'integer'}}, 'Blocks': {'key': 'shot_blocks', 'stat': {'value': 1, 'type': 'integer'}}, 'Clearances': {'key': 'clearances', 'stat': {'value': 3, 'type': 'integer'}}, 'Headed clearance': {'key': 'headed_clearance', 'stat': {'value': 1, 'type': 'integer'}}, 'Interceptions': {'key': 'interceptions', 'stat': {'value': 0, 'type': 'integer'}}, 'Recoveries': {'key': 'recoveries', 'stat': {'value': 4, 'type': 'integer'}}, 'Dribbled past': {'key': 'dribbled_past', 'stat': {'value': 0, 'type': 'integer'}}}}, {'title': 'Duels', 'key': 'duels', 'stats': {'Ground duels won': {'key': 'ground_duels_won', 'stat': {'value': 2, 'total': 3, 'type': 'fractionWithPercentage'}}, 'Aerial duels won': {'key': 'aerials_won', 'stat': {'value': 0, 'total': 0, 'type': 'fractionWithPercentage'}}, 'Was fouled': {'key': 'was_fouled', 'stat': {'value': 1, 'type': 'integer'}}, 'Fouls committed': {'key': 'fouls', 'stat': {'value': 0, 'type': 'integer'}}, 'Duels won': {'key': 'duel_won', 'stat': {'value': 2, 'type': 'integer'}, 'hideInPopupCard': True}, 'Duels lost': {'key': 'duel_lost', 'stat': {'value': 1, 'type': 'integer'}, 'hideInPopupCard': True}}}]",44,34,1,1000010853,6,Blooming,49678,Bolivar,5983,2026-05-10T23:30:00.000Z,0,0,6.83,90.0,0.0,0.0,,25.0,31.0,0.0,,,,5.0,39.0,0.0,3.0,,,4.0,5.0,1.0,,,1.0,3.0,1.0,0.0,4.0,0.0,2.0,1.0,2.0,3.0,0.0,0.0,1.0,0.0
César Menacho,1041289,460126,49678,Blooming,False,"[{'title': 'Top stats', 'key': 'top_stats', 'stats': {'FotMob rating': {'key': 'rating_title', 'stat': {'value': 5.8, 'type': 'double'}}, 'Minutes played': {'key': 'minutes_played', 'stat': {'value': 19, 'type': 'integer'}}, 'Goals': {'key': 'goals', 'stat': {'value': 0, 'type': 'integer'}}, 'Assists': {'key': 'assists', 'stat': {'value': 0, 'type': 'integer'}}, 'Total shots': {'key': 'total_shots', 'stat': {'value': 1, 'type': 'integer'}, 'hideInPopupCard': True}, 'Accurate passes': {'key': 'accurate_passes', 'stat': {'value': 1, 'total': 3, 'type': 'fractionWithPercentage'}}, 'Chances created': {'key': 'chances_created', 'stat': {'value': 0, 'type': 'integer'}}, 'Shots on target': {'key': 'ShotsOnTarget', 'stat': {'value': 0, 'type': 'integer'}}, 'Shots off target': {'key': 'ShotsOffTarget', 'stat': {'value': 1, 'type': 'integer'}}, 'Shot accuracy': {'key': 'shot_accuracy', 'stat': {'value': 0, 'total': 1, 'type': 'fractionWithPercentage'}}, 'Shotmap': {'key': None, 'stat': {'value': 1, 'type': 'boolean'}}, 'Defensive actions': {'key': 'defensive_actions', 'stat': {'value': 0, 'type': 'integer'}}}}, {'title': 'Attack', 'key': 'attack', 'stats': {'Touches': {'key': 'touches', 'stat': {'value': 5, 'type': 'integer'}}, 'Touches in opposition box': {'key': 'touches_opp_box', 'stat': {'value': 2, 'type': 'integer'}}, 'Accurate long balls': {'key': 'long_balls_accurate', 'stat': {'value': 1, 'total': 1, 'type': 'fractionWithPercentage'}}, 'Dispossessed': {'key': 'dispossessed', 'stat': {'value': 1, 'type': 'integer'}}}}, {'title': 'Defense', 'key': 'defense', 'stats': {'Defensive actions': {'key': 'defensive_actions', 'stat': {'value': 0, 'type': 'integer'}}, 'Tackles': {'key': 'matchstats.headers.tackles', 'stat': {'value': 0, 'type': 'integer'}}, 'Blocks': {'key': 'shot_blocks', 'stat': {'value': 0, 'type': 'integer'}}, 'Clearances': {'key': 'clearances', 'stat': {'value': 0, 'type': 'integer'}}, 'Interceptions': {'key': 'interceptions', 'stat': {'value': 0, 'type': 'integer'}}, 'Recoveries': {'key': 'recoveries', 'stat': {'value': 0, 'type': 'integer'}}, 'Dribbled past': {'key': 'dribbled_past', 'stat': {'value': 0, 'type': 'integer'}}}}, {'title': 'Duels', 'key': 'duels', 'stats': {'Ground duels won': {'key': 'ground_duels_won', 'stat': {'value': 0, 'total': 2, 'type': 'fractionWithPercentage'}}, 'Aerial duels won': {'key': 'aerials_won', 'stat': {'value': 1, 'total': 1, 'type': 'fractionWithPercentage'}}, 'Was fouled': {'key': 'was_fouled', 'stat': {'type': 'integer'}}, 'Fouls committed': {'key': 'fouls', 'stat': {'value': 1, 'type': 'integer'}}, 'Duels won': {'key': 'duel_won', 'stat': {'value': 1, 'type': 'integer'}, 'hideInPopupCard': True}, 'Duels lost': {'key': 'duel_lost', 'stat': {'value': 2, 'type': 'integer'}, 'hideInPopupCard': True}}}]",11,,,1000010853,6,Blooming,49678,Bolivar,5983,2026-05-10T23:30:00.000Z,0,0,5.8,19.0,0.0,0.0,1.0,1.0,3.0,0.0,,,,0.0,5.0,2.0,,,,1.0,1.0,1.0,,,0.0,0.0,,0.0,0.0,0.0,1.0,2.0,0.0,2.0,1.0,1.0,,1.0
Roberto Hinojoza,1088080,488078,49678,Blooming,False,"[{'title': 'Top stats', 'key': 'top_stats', 'stats': {'FotMob rating': {'key': 'rating_title', 'stat': {'value': 7.87, 'type': 'double'}}, 'Minutes played': {'key': 'minutes_played', 'stat': {'value': 90, 'type': 'integer'}}, 'Goals': {'key': 'goals', 'stat': {'value': 0, 'type': 'integer'}}, 'Assists': {'key': 'assists', 'stat': {'value': 0, 'type': 'integer'}}, 'Total shots': {'key': 'total_shots', 'stat': {'value': 5, 'type': 'integer'}, 'hideInPopupCard': True}, 'Accurate passes': {'key': 'accurate_passes', 'stat': {'value': 19, 'total': 29, 'type': 'fractionWithPercentage'}}, 'Chances created': {'key': 'chances_created', 'stat': {'value': 2, 'type': 'integer'}}, 'Shots on target': {'key': 'ShotsOnTarget', 'stat': {'value': 0, 'type': 'integer'}}, 'Shots off target': {'key': 'ShotsOffTarget', 'stat': {'value': 4, 'type': 'integer'}}, 'Blocked shots': {'key': 'blocked_shots', 'stat': {'value': 1, 'type': 'integer'}}, 'Shot accuracy': {'key': 'shot_accuracy', 'stat': {'value': 0, 'total': 4, 'type': 'fractionWithPercentage'}}, 'Shotmap': {'key': None, 'stat': {'value': 1, 'type': 'boolean'}}, 'Defensive actions': {'key': 'defensive_actions', 'stat': {'value': 4, 'type': 'integer'}}}}, {'title': 'Attack', 'key': 'attack', 'stats': {'Hit woodwork': {'key': 'shots_woodwork', 'stat': {'value': 1, 'type': 'integer'}}, 'Touches': {'key': 'touches', 'stat': {'value': 49, 'type': 'integer'}}, 'Touches in opposition box': {'key': 'touches_opp_box', 'stat': {'value': 4, 'type': 'integer'}}, 'Successful dribbles': {'key': 'dribbles_succeeded', 'stat': {'value': 1, 'total': 1, 'type': 'fractionWithPercentage'}}, 'Passes into final third': {'key': 'passes_into_final_third', 'stat': {'value': 8, 'type': 'integer'}}, 'Accurate crosses': {'key': 'accurate_crosses', 'stat': {'value': 0, 'total': 3, 'type': 'fractionWithPercentage'}}, 'Accurate long balls': {'key': 'long_balls_accurate', 'stat': {'value': 2, 'total': 2, 'type': 'fractionWithPercentage'}}, 'Corners': {'key': 'corners', 'stat': {'value': 2, 'type': 'integer'}}, 'Dispossessed': {'key': 'dispossessed', 'stat': {'value': 0, 'type': 'integer'}}}}, {'title': 'Defense', 'key': 'defense', 'stats': {'Defensive actions': {'key': 'defensive_actions', 'stat': {'value': 4, 'type': 'integer'}}, 'Tackles': {'key': 'matchstats.headers.tackles', 'stat': {'value': 3, 'type': 'integer'}}, 'Blocks': {'key': 'shot_blocks', 'stat': {'value': 0, 'type': 'integer'}}, 'Clearances': {'key': 'clearances', 'stat': {'value': 1, 'type': 'integer'}}, 'Headed clearance': {'key': 'headed_clearance', 'stat': {'value': 1, 'type': 'integer'}}, 'Interceptions': {'key': 'interceptions', 'stat': {'value': 0, 'type': 'integer'}}, 'Recoveries': {'key': 'recoveries', 'stat': {'value': 6, 'type': 'integer'}}, 'Dribbled past': {'key': 'dribbled_past', 'stat': {'value': 0, 'type': 'integer'}}}}, {'title': 'Duels', 'key': 'duels', 'stats': {'Ground duels won': {'key': 'ground_duels_won', 'stat': {'value': 5, 'total': 9, 'type': 'fractionWithPercentage'}}, 'Aerial duels won': {'key': 'aerials_won', 'stat': {'value': 1, 'total': 1, 'type': 'fractionWithPercentage'}}, 'Was fouled': {'key': 'was_fouled', 'stat': {'value': 1, 'type': 'integer'}}, 'Fouls committed': {'key': 'fouls', 'stat': {'value': 4, 'type': 'integer'}}, 'Duels won': {'key': 'duel_won', 'stat': {'value': 6, 'type': 'integer'}, 'hideInPopupCard': True}, 'Duels lost': {'key': 'duel_lost', 'stat': {'value': 4, 'type': 'integer'}, 'hideInPopupCard': True}}}]",10,107,3,1000010853,6,Blooming,49678,Bolivar,5983,2026-05-10T23:30:00.000Z,0,0,7.87,90.0,0.0,0.0,5.0,19.0,29.0,2.0,,,,4.0,49.0,4.0,8.0,0.0,3.0,2.0,2.0,0.0,,,0.0,1.0,1.0,0.0,6.0,0.0,6.0,4.0,5.0,9.0,1.0,1.0,1.0,4.0
Dorny Romero,1102243,446153,5983,Bolivar,False,"[{'title': 'Top stats', 'key': 'top_stats', 'stats': {'FotMob rating': {'key': 'rating_title', 'stat': {'value': 6.4, 'type': 'double'}}, 'Minutes played': {'key': 'minutes_played', 'stat': {'value': 78, 'type': 'integer'}}, 'Goals': {'key': 'goals', 'stat': {'value': 0, 'type': 'integer'}}, 'Assists': {'key': 'assists', 'stat': {'value': 0, 'type': 'integer'}}, 'Total shots': {'key': 'total_shots', 'stat': {'value': 2, 'type': 'integer'}, 'hideInPopupCard': True}, 'Accurate passes': {'key': 'accurate_passes', 'stat': {'value': 10, 'total': 11, 'type': 'fractionWithPercentage'}}, 'Chances created': {'key': 'chances_created', 'stat': {'value': 1, 'type': 'integer'}}, 'Shots on target': {'key': 'ShotsOnTarget', 'stat': {'value': 2, 'type': 'integer'}}, 'Shots off target': {'key': 'ShotsOffTarget', 'stat': {'value': 0, 'type': 'integer'}}, 'Shot accuracy': {'key': 'shot_accuracy', 'stat': {'value': 2, 'total': 2, 'type': 'fractionWithPercentage'}}, 'Shotmap': {'key': None, 'stat': {'value': 1, 'type': 'boolean'}}, 'Defensive actions': {'key': 'defensive_actions', 'stat': {'value': 1, 'type': 'integer'}}}}, {'title': 'Attack', 'key': 'attack', 'stats': {'Touches': {'key': 'touches', 'stat': {'value': 18, 'type': 'integer'}}, 'Touches in opposition box': {'key': 'touches_opp_box', 'stat': {'value': 2, 'type': 'integer'}}, 'Accurate long balls': {'key': 'long_balls_accurate', 'stat': {'value': 0, 'total': 1, 'type': 'fractionWithPercentage'}}, 'Dispossessed': {'key': 'dispossessed', 'stat': {'value': 1, 'type': 'integer'}}, 'Offsides': {'key': 'Offsides', 'stat': {'value': 1, 'type': 'integer'}}}}, {'title': 'Defense', 'key': 'defense', 'stats': {'Defensive actions': {'key': 'defensive_actions', 'stat': {'value': 1, 'type': 'integer'}}, 'Tackles': {'key': 'matchstats.headers.tackles', 'stat': {'value': 1, 'type': 'integer'}}, 'Blocks': {'key': 'shot_blocks', 'stat': {'value': 0, 'type': 'integer'}}, 'Clearances': {'key': 'clearances', 'stat': {'value': 0, 'type': 'integer'}}, 'Interceptions': {'key': 'interceptions', 'stat': {'value': 0, 'type': 'integer'}}, 'Recoveries': {'key': 'recoveries', 'stat': {'value': 2, 'type': 'integer'}}, 'Dribbled past': {'key': 'dribbled_past', 'stat': {'value': 0, 'type': 'integer'}}}}, {'title': 'Duels', 'key': 'duels', 'stats': {'Ground duels won': {'key': 'ground_duels_won', 'stat': {'value': 3, 'total': 4, 'type': 'fractionWithPercentage'}}, 'Aerial duels won': {'key': 'aerials_won', 'stat': {'value': 1, 'total': 6, 'type': 'fractionWithPercentage'}}, 'Was fouled': {'key': 'was_fouled', 'stat': {'value': 2, 'type': 'integer'}}, 'Fouls committed': {'key': 'fouls', 'stat': {'value': 0, 'type': 'integer'}}, 'Duels won': {'key': 'duel_won', 'stat': {'value': 4, 'type': 'integer'}, 'hideInPopupCard': True}, 'Duels lost': {'key': 'duel_lost', 'stat': {'value': 6, 'type': 'integer'}, 'hideInPopupCard': True}}}]",77,115,3,1000010853,6,Blooming,49678,Bolivar,5983,2026-05-10T23:30:00.000Z,0,0,6.4,78.0,0.0,0.0,2.0,10.0,11.0,1.0,,,,1.0,18.0,2.0,,,,0.0,1.0,1.0,,,0.0,0.0,,0.0,2.0,0.0,4.0,6.0,3.0,4.0,1.0,6.0,2.0,0.0
Diago Giménez,1111403,430875,49678,Blooming,False,[],17,,,1000010853,6,Blooming,49678,Bolivar,5983,2026-05-10T23:30:00.000Z,0,0,,,,,,,,,,,,,,,,,,,,,,,,,,,,,,,,,,,,
Mauricio Cabral,1130893,481279,49678,Blooming,False,"[{'title': 'Top stats', 'key': 'top_stats', 'stats': {'FotMob rating': {'key': 'rating_title', 'stat': {'value': 5.97, 'type': 'double'}}, 'Minutes played': {'key': 'minutes_played', 'stat': {'value': 90, 'type': 'integer'}}, 'Goals': {'key': 'goals', 'stat': {'value': 0, 'type': 'integer'}}, 'Assists': {'key': 'assists', 'stat': {'value': 0, 'type': 'integer'}}, 'Accurate passes': {'key': 'accurate_passes', 'stat': {'value': 23, 'total': 35, 'type': 'fractionWithPercentage'}}, 'Chances created': {'key': 'chances_created', 'stat': {'value': 0, 'type': 'integer'}}, 'Shotmap': {'key': None, 'stat': {'value': 0, 'type': 'boolean'}}, 'Defensive actions': {'key': 'defensive_actions', 'stat': {'value': 9, 'type': 'integer'}}}}, {'title': 'Attack', 'key': 'attack', 'stats': {'Touches': {'key': 'touches', 'stat': {'value': 54, 'type': 'integer'}}, 'Touches in opposition box': {'key': 'touches_opp_box', 'stat': {'value': 1, 'type': 'integer'}}, 'Passes into final third': {'key': 'passes_into_final_third', 'stat': {'value': 8, 'type': 'integer'}}, 'Accurate crosses': {'key': 'accurate_crosses', 'stat': {'value': 0, 'total': 1, 'type': 'fractionWithPercentage'}}, 'Accurate long balls': {'key': 'long_balls_accurate', 'stat': {'value': 2, 'total': 5, 'type': 'fractionWithPercentage'}}, 'Dispossessed': {'key': 'dispossessed', 'stat': {'value': 0, 'type': 'integer'}}, 'Offsides': {'key': 'Offsides', 'stat': {'value': 1, 'type': 'integer'}}}}, {'title': 'Defense', 'key': 'defense', 'stats': {'Defensive actions': {'key': 'defensive_actions', 'stat': {'value': 9, 'type': 'integer'}}, 'Tackles': {'key': 'matchstats.headers.tackles', 'stat': {'value': 4, 'type': 'integer'}}, 'Blocks': {'key': 'shot_blocks', 'stat': {'value': 0, 'type': 'integer'}}, 'Clearances': {'key': 'clearances', 'stat': {'value': 3, 'type': 'integer'}}, 'Interceptions': {'key': 'interceptions', 'stat': {'value': 2, 'type': 'integer'}}, 'Recoveries': {'key': 'recoveries', 'stat': {'value': 3, 'type': 'integer'}}, 'Dribbled past': {'key': 'dribbled_past', 'stat': {'value': 1, 'type': 'integer'}}}}, {'title': 'Duels', 'key': 'duels', 'stats': {'Ground duels won': {'key': 'ground_duels_won', 'stat': {'value': 5, 'total': 10, 'type': 'fractionWithPercentage'}}, 'Aerial duels won': {'key': 'aerials_won', 'stat': {'value': 0, 'total': 0, 'type': 'fractionWithPercentage'}}, 'Was fouled': {'key': 'was_fouled', 'stat': {'value': 1, 'type': 'integer'}}, 'Fouls committed': {'key': 'fouls', 'stat': {'value': 4, 'type': 'integer'}}, 'Duels won': {'key': 'duel_won', 'stat': {'value': 5, 'type': 'integer'}, 'hideInPopupCard': True}, 'Duels lost': {'key': 'duel_lost', 'stat': {'value': 5, 'type': 'integer'}, 'hideInPopupCard': True}}}]",2,32,1,1000010853,6,Blooming,49678,Bolivar,5983,2026-05-10T23:30:00.000Z,0,0,5.97,90.0,0.0,0.0,,23.0,35.0,0.0,,,,9.0,54.0,1.0,8.0,0.0,1.0,2.0,5.0,0.0,,,0.0,3.0,,2.0,3.0,1.0,5.0,5.0,5.0,10.0,0.0,0.0,1.0,4.0
Jeyson Chura,1135680,480027,49678,Blooming,False,[],23,,,1000010853,6,Blooming,49678,Bolivar,5983,2026-05-10T23:30:00.000Z,0,0,,,,,,,,,,,,,,,,,,,,,,,,,,,,,,,,,,,,
Lucas Chávez,1249694,536718,5983,Bolivar,False,[],18,,,1000010853,6,Blooming,49678,Bolivar,5983,2026-05-10T23:30:00.000Z,0,0,,,,,,,,,,,,,,,,,,,,,,,,,,,,,,,,,,,,
Auli Oliveros,1249740,502139,49678,Blooming,False,[],33,,,1000010853,6,Blooming,49678,Bolivar,5983,2026-05-10T23:30:00.000Z,0,0,,,,,,,,,,,,,,,,,,,,,,,,,,,,,,,,,,,,
Ervin Vaca,1312460,560233,5983,Bolivar,False,"[{'title': 'Top stats', 'key': 'top_stats', 'stats': {'FotMob rating': {'key': 'rating_title', 'stat': {'value': 6.32, 'type': 'double'}}, 'Minutes played': {'key': 'minutes_played', 'stat': {'value': 20, 'type': 'integer'}}, 'Goals': {'key': 'goals', 'stat': {'value': 0, 'type': 'integer'}}, 'Assists': {'key': 'assists', 'stat': {'value': 0, 'type': 'integer'}}, 'Total shots': {'key': 'total_shots', 'stat': {'value': 1, 'type': 'integer'}, 'hideInPopupCard': True}, 'Accurate passes': {'key': 'accurate_passes', 'stat': {'value': 9, 'total': 12, 'type': 'fractionWithPercentage'}}, 'Chances created': {'key': 'chances_created', 'stat': {'value': 1, 'type': 'integer'}}, 'Shots on target': {'key': 'ShotsOnTarget', 'stat': {'value': 0, 'type': 'integer'}}, 'Shots off target': {'key': 'ShotsOffTarget', 'stat': {'value': 1, 'type': 'integer'}}, 'Shot accuracy': {'key': 'shot_accuracy', 'stat': {'value': 0, 'total': 1, 'type': 'fractionWithPercentage'}}, 'Shotmap': {'key': None, 'stat': {'value': 1, 'type': 'boolean'}}, 'Defensive actions': {'key': 'defensive_actions', 'stat': {'value': 0, 'type': 'integer'}}}}, {'title': 'Attack', 'key': 'attack', 'stats': {'Touches': {'key': 'touches', 'stat': {'value': 15, 'type': 'integer'}}, 'Touches in opposition box': {'key': 'touches_opp_box', 'stat': {'value': 2, 'type': 'integer'}}, 'Passes into final third': {'key': 'passes_into_final_third', 'stat': {'value': 2, 'type': 'integer'}}, 'Accurate crosses': {'key': 'accurate_crosses', 'stat': {'value': 1, 'total': 1, 'type': 'fractionWithPercentage'}}, 'Accurate long balls': {'key': 'long_balls_accurate', 'stat': {'value': 1, 'total': 1, 'type': 'fractionWithPercentage'}}, 'Dispossessed': {'key': 'dispossessed', 'stat': {'value': 0, 'type': 'integer'}}}}, {'title': 'Defense', 'key': 'defense', 'stats': {'Defensive actions': {'key': 'defensive_actions', 'stat': {'value': 0, 'type': 'integer'}}, 'Tackles': {'key': 'matchstats.headers.tackles', 'stat': {'value': 0, 'type': 'integer'}}, 'Blocks': {'key': 'shot_blocks', 'stat': {'value': 0, 'type': 'integer'}}, 'Clearances': {'key': 'clearances', 'stat': {'value': 0, 'type': 'integer'}}, 'Interceptions': {'key': 'interceptions', 'stat': {'value': 0, 'type': 'integer'}}, 'Recoveries': {'key': 'recoveries', 'stat': {'value': 1, 'type': 'integer'}}, 'Dribbled past': {'key': 'dribbled_past', 'stat': {'value': 0, 'type': 'integer'}}}}, {'title': 'Duels', 'key': 'duels', 'stats': {'Aerial duels won': {'key': 'aerials_won', 'stat': {'value': 0, 'total': 0, 'type': 'fractionWithPercentage'}}, 'Was fouled': {'key': 'was_fouled', 'stat': {'type': 'integer'}}, 'Fouls committed': {'key': 'fouls', 'stat': {'value': 1, 'type': 'integer'}}}}]",6,,,1000010853,6,Blooming,49678,Bolivar,5983,2026-05-10T23:30:00.000Z,0,0,6.32,20.0,0.0,0.0,1.0,9.0,12.0,1.0,,,,0.0,15.0,2.0,2.0,1.0,1.0,1.0,1.0,0.0,,,0.0,0.0,,0.0,1.0,0.0,,,,,0.0,0.0,,1.0
Julio Vila,1337840,566309,49678,Blooming,False,"[{'title': 'Top stats', 'key': 'top_stats', 'stats': {'FotMob rating': {'key': 'rating_title', 'stat': {'value': 6.89, 'type': 'double'}}, 'Minutes played': {'key': 'minutes_played', 'stat': {'value': 90, 'type': 'integer'}}, 'Goals': {'key': 'goals', 'stat': {'value': 0, 'type': 'integer'}}, 'Assists': {'key': 'assists', 'stat': {'value': 0, 'type': 'integer'}}, 'Accurate passes': {'key': 'accurate_passes', 'stat': {'value': 35, 'total': 43, 'type': 'fractionWithPercentage'}}, 'Chances created': {'key': 'chances_created', 'stat': {'value': 0, 'type': 'integer'}}, 'Shotmap': {'key': None, 'stat': {'value': 0, 'type': 'boolean'}}, 'Defensive actions': {'key': 'defensive_actions', 'stat': {'value': 4, 'type': 'integer'}}}}, {'title': 'Attack', 'key': 'attack', 'stats': {'Touches': {'key': 'touches', 'stat': {'value': 48, 'type': 'integer'}}, 'Touches in opposition box': {'key': 'touches_opp_box', 'stat': {'value': 0, 'type': 'integer'}}, 'Passes into final third': {'key': 'passes_into_final_third', 'stat': {'value': 5, 'type': 'integer'}}, 'Accurate long balls': {'key': 'long_balls_accurate', 'stat': {'value': 9, 'total': 13, 'type': 'fractionWithPercentage'}}, 'Dispossessed': {'key': 'dispossessed', 'stat': {'value': 0, 'type': 'integer'}}}}, {'title': 'Defense', 'key': 'defense', 'stats': {'Defensive actions': {'key': 'defensive_actions', 'stat': {'value': 4, 'type': 'integer'}}, 'Tackles': {'key': 'matchstats.headers.tackles', 'stat': {'value': 0, 'type': 'integer'}}, 'Blocks': {'key': 'shot_blocks', 'stat': {'value': 0, 'type': 'integer'}}, 'Clearances': {'key': 'clearances', 'stat': {'value': 4, 'type': 'integer'}}, 'Headed clearance': {'key': 'headed_clearance', 'stat': {'value': 2, 'type': 'integer'}}, 'Interceptions': {'key': 'interceptions', 'stat': {'value': 0, 'type': 'integer'}}, 'Recoveries': {'key': 'recoveries', 'stat': {'value': 2, 'type': 'integer'}}, 'Dribbled past': {'key': 'dribbled_past', 'stat': {'value': 0, 'type': 'integer'}}}}, {'title': 'Duels', 'key': 'duels', 'stats': {'Ground duels won': {'key': 'ground_duels_won', 'stat': {'value': 0, 'total': 1, 'type': 'fractionWithPercentage'}}, 'Aerial duels won': {'key': 'aerials_won', 'stat': {'value': 3, 'total': 4, 'type': 'fractionWithPercentage'}}, 'Was fouled': {'key': 'was_fouled', 'stat': {'type': 'integer'}}, 'Fouls committed': {'key': 'fouls', 'stat': {'value': 1, 'type': 'integer'}}, 'Duels won': {'key': 'duel_won', 'stat': {'value': 3, 'type': 'integer'}, 'hideInPopupCard': True}, 'Duels lost': {'key': 'duel_lost', 'stat': {'value': 2, 'type': 'integer'}, 'hideInPopupCard': True}}}]",22,36,1,1000010853,6,Blooming,49678,Bolivar,5983,2026-05-10T23:30:00.000Z,0,0,6.89,90.0,0.0,0.0,,35.0,43.0,0.0,,,,4.0,48.0,0.0,5.0,,,9.0,13.0,0.0,,,0.0,4.0,2.0,0.0,2.0,0.0,3.0,2.0,0.0,1.0,3.0,4.0,,1.0
Miguel Villarroel,1358034,480024,49678,Blooming,False,"[{'title': 'Top stats', 'key': 'top_stats', 'stats': {'Minutes played': {'key': 'minutes_played', 'stat': {'value': 3, 'type': 'integer'}}, 'Goals': {'key': 'goals', 'stat': {'value': 0, 'type': 'integer'}}, 'Assists': {'key': 'assists', 'stat': {'value': 0, 'type': 'integer'}}, 'Total shots': {'key': 'total_shots', 'stat': {'value': 1, 'type': 'integer'}, 'hideInPopupCard': True}, 'Accurate passes': {'key': 'accurate_passes', 'stat': {'value': 0, 'total': 2, 'type': 'fractionWithPercentage'}}, 'Chances created': {'key': 'chances_created', 'stat': {'value': 1, 'type': 'integer'}}, 'Shots on target': {'key': 'ShotsOnTarget', 'stat': {'value': 0, 'type': 'integer'}}, 'Shots off target': {'key': 'ShotsOffTarget', 'stat': {'value': 1, 'type': 'integer'}}, 'Shot accuracy': {'key': 'shot_accuracy', 'stat': {'value': 0, 'total': 1, 'type': 'fractionWithPercentage'}}, 'Shotmap': {'key': None, 'stat': {'value': 1, 'type': 'boolean'}}, 'Defensive actions': {'key': 'defensive_actions', 'stat': {'value': 0, 'type': 'integer'}}}}, {'title': 'Attack', 'key': 'attack', 'stats': {'Touches': {'key': 'touches', 'stat': {'value': 4, 'type': 'integer'}}, 'Touches in opposition box': {'key': 'touches_opp_box', 'stat': {'value': 0, 'type': 'integer'}}, 'Passes into final third': {'key': 'passes_into_final_third', 'stat': {'value': 1, 'type': 'integer'}}, 'Accurate crosses': {'key': 'accurate_crosses', 'stat': {'value': 1, 'total': 1, 'type': 'fractionWithPercentage'}}, 'Corners': {'key': 'corners', 'stat': {'value': 1, 'type': 'integer'}}, 'Dispossessed': {'key': 'dispossessed', 'stat': {'value': 0, 'type': 'integer'}}}}, {'title': 'Defense', 'key': 'defense', 'stats': {'Defensive actions': {'key': 'defensive_actions', 'stat': {'value': 0, 'type': 'integer'}}, 'Tackles': {'key': 'matchstats.headers.tackles', 'stat': {'value': 0, 'type': 'integer'}}, 'Blocks': {'key': 'shot_blocks', 'stat': {'value': 0, 'type': 'integer'}}, 'Clearances': {'key': 'clearances', 'stat': {'value': 0, 'type': 'integer'}}, 'Interceptions': {'key': 'interceptions', 'stat': {'value': 0, 'type': 'integer'}}, 'Recoveries': {'key': 'recoveries', 'stat': {'value': 0, 'type': 'integer'}}, 'Dribbled past': {'key': 'dribbled_past', 'stat': {'value': 0, 'type': 'integer'}}}}, {'title': 'Duels', 'key': 'duels', 'stats': {'Aerial duels won': {'key': 'aerials_won', 'stat': {'value': 0, 'total': 0, 'type': 'fractionWithPercentage'}}, 'Was fouled': {'key': 'was_fouled', 'stat': {'type': 'integer'}}, 'Fouls committed': {'key': 'fouls', 'stat': {'value': 0, 'type': 'integer'}}}}]",7,,,1000010853,6,Blooming,49678,Bolivar,5983,2026-05-10T23:30:00.000Z,0,0,,3.0,0.0,0.0,1.0,0.0,2.0,1.0,,,,0.0,4.0,0.0,1.0,1.0,1.0,,,0.0,,,0.0,0.0,,0.0,0.0,0.0,,,,,0.0,0.0,,0.0
Anthony Vásquez,1359916,550307,49678,Blooming,False,"[{'title': 'Top stats', 'key': 'top_stats', 'stats': {'FotMob rating': {'key': 'rating_title', 'stat': {'value': 6.34, 'type': 'double'}}, 'Minutes played': {'key': 'minutes_played', 'stat': {'value': 71, 'type': 'integer'}}, 'Goals': {'key': 'goals', 'stat': {'value': 0, 'type': 'integer'}}, 'Assists': {'key': 'assists', 'stat': {'value': 0, 'type': 'integer'}}, 'Total shots': {'key': 'total_shots', 'stat': {'value': 1, 'type': 'integer'}, 'hideInPopupCard': True}, 'Accurate passes': {'key': 'accurate_passes', 'stat': {'value': 13, 'total': 17, 'type': 'fractionWithPercentage'}}, 'Chances created': {'key': 'chances_created', 'stat': {'value': 1, 'type': 'integer'}}, 'Shots on target': {'key': 'ShotsOnTarget', 'stat': {'value': 0, 'type': 'integer'}}, 'Shots off target': {'key': 'ShotsOffTarget', 'stat': {'value': 1, 'type': 'integer'}}, 'Shot accuracy': {'key': 'shot_accuracy', 'stat': {'value': 0, 'total': 1, 'type': 'fractionWithPercentage'}}, 'Shotmap': {'key': None, 'stat': {'value': 1, 'type': 'boolean'}}, 'Defensive actions': {'key': 'defensive_actions', 'stat': {'value': 0, 'type': 'integer'}}}}, {'title': 'Attack', 'key': 'attack', 'stats': {'Touches': {'key': 'touches', 'stat': {'value': 23, 'type': 'integer'}}, 'Touches in opposition box': {'key': 'touches_opp_box', 'stat': {'value': 0, 'type': 'integer'}}, 'Passes into final third': {'key': 'passes_into_final_third', 'stat': {'value': 3, 'type': 'integer'}}, 'Accurate long balls': {'key': 'long_balls_accurate', 'stat': {'value': 0, 'total': 1, 'type': 'fractionWithPercentage'}}, 'Dispossessed': {'key': 'dispossessed', 'stat': {'value': 0, 'type': 'integer'}}}}, {'title': 'Defense', 'key': 'defense', 'stats': {'Defensive actions': {'key': 'defensive_actions', 'stat': {'value': 0, 'type': 'integer'}}, 'Tackles': {'key': 'matchstats.headers.tackles', 'stat': {'value': 0, 'type': 'integer'}}, 'Blocks': {'key': 'shot_blocks', 'stat': {'value': 0, 'type': 'integer'}}, 'Clearances': {'key': 'clearances', 'stat': {'value': 0, 'type': 'integer'}}, 'Interceptions': {'key': 'interceptions', 'stat': {'value': 0, 'type': 'integer'}}, 'Recoveries': {'key': 'recoveries', 'stat': {'value': 0, 'type': 'integer'}}, 'Dribbled past': {'key': 'dribbled_past', 'stat': {'value': 0, 'type': 'integer'}}}}, {'title': 'Duels', 'key': 'duels', 'stats': {'Ground duels won': {'key': 'ground_duels_won', 'stat': {'value': 1, 'total': 1, 'type': 'fractionWithPercentage'}}, 'Aerial duels won': {'key': 'aerials_won', 'stat': {'value': 2, 'total': 2, 'type': 'fractionWithPercentage'}}, 'Was fouled': {'key': 'was_fouled', 'stat': {'value': 1, 'type': 'integer'}}, 'Fouls committed': {'key': 'fouls', 'stat': {'value': 0, 'type': 'integer'}}, 'Duels won': {'key': 'duel_won', 'stat': {'value': 3, 'type': 'integer'}, 'hideInPopupCard': True}}}]",9,105,3,1000010853,6,Blooming,49678,Bolivar,5983,2026-05-10T23:30:00.000Z,0,0,6.34,71.0,0.0,0.0,1.0,13.0,17.0,1.0,,,,0.0,23.0,0.0,3.0,,,0.0,1.0,0.0,,,0.0,0.0,,0.0,0.0,0.0,3.0,,1.0,1.0,2.0,2.0,1.0,0.0
Esdras Mendoza,1367025,568136,49678,Blooming,False,[],70,,,1000010853,6,Blooming,49678,Bolivar,5983,2026-05-10T23:30:00.000Z,0,0,,,,,,,,,,,,,,,,,,,,,,,,,,,,,,,,,,,,
Guilmar Centella,1458633,590298,49678,Blooming,False,"[{'title': 'Top stats', 'key': 'top_stats', 'stats': {'FotMob rating': {'key': 'rating_title', 'stat': {'value': 5.72, 'type': 'double'}}, 'Minutes played': {'key': 'minutes_played', 'stat': {'value': 87, 'type': 'integer'}}, 'Goals': {'key': 'goals', 'stat': {'value': 0, 'type': 'integer'}}, 'Assists': {'key': 'assists', 'stat': {'value': 0, 'type': 'integer'}}, 'Total shots': {'key': 'total_shots', 'stat': {'value': 1, 'type': 'integer'}, 'hideInPopupCard': True}, 'Accurate passes': {'key': 'accurate_passes', 'stat': {'value': 19, 'total': 22, 'type': 'fractionWithPercentage'}}, 'Chances created': {'key': 'chances_created', 'stat': {'value': 2, 'type': 'integer'}}, 'Shots on target': {'key': 'ShotsOnTarget', 'stat': {'value': 0, 'type': 'integer'}}, 'Shots off target': {'key': 'ShotsOffTarget', 'stat': {'value': 1, 'type': 'integer'}}, 'Shot accuracy': {'key': 'shot_accuracy', 'stat': {'value': 0, 'total': 1, 'type': 'fractionWithPercentage'}}, 'Shotmap': {'key': None, 'stat': {'value': 1, 'type': 'boolean'}}, 'Defensive actions': {'key': 'defensive_actions', 'stat': {'value': 0, 'type': 'integer'}}}}, {'title': 'Attack', 'key': 'attack', 'stats': {'Touches': {'key': 'touches', 'stat': {'value': 32, 'type': 'integer'}}, 'Touches in opposition box': {'key': 'touches_opp_box', 'stat': {'value': 2, 'type': 'integer'}}, 'Passes into final third': {'key': 'passes_into_final_third', 'stat': {'value': 1, 'type': 'integer'}}, 'Accurate crosses': {'key': 'accurate_crosses', 'stat': {'value': 0, 'total': 1, 'type': 'fractionWithPercentage'}}, 'Accurate long balls': {'key': 'long_balls_accurate', 'stat': {'value': 3, 'total': 3, 'type': 'fractionWithPercentage'}}, 'Dispossessed': {'key': 'dispossessed', 'stat': {'value': 5, 'type': 'integer'}}}}, {'title': 'Defense', 'key': 'defense', 'stats': {'Defensive actions': {'key': 'defensive_actions', 'stat': {'value': 0, 'type': 'integer'}}, 'Tackles': {'key': 'matchstats.headers.tackles', 'stat': {'value': 0, 'type': 'integer'}}, 'Blocks': {'key': 'shot_blocks', 'stat': {'value': 0, 'type': 'integer'}}, 'Clearances': {'key': 'clearances', 'stat': {'value': 0, 'type': 'integer'}}, 'Interceptions': {'key': 'interceptions', 'stat': {'value': 0, 'type': 'integer'}}, 'Recoveries': {'key': 'recoveries', 'stat': {'value': 3, 'type': 'integer'}}, 'Dribbled past': {'key': 'dribbled_past', 'stat': {'value': 1, 'type': 'integer'}}}}, {'title': 'Duels', 'key': 'duels', 'stats': {'Ground duels won': {'key': 'ground_duels_won', 'stat': {'value': 0, 'total': 7, 'type': 'fractionWithPercentage'}}, 'Aerial duels won': {'key': 'aerials_won', 'stat': {'value': 1, 'total': 2, 'type': 'fractionWithPercentage'}}, 'Was fouled': {'key': 'was_fouled', 'stat': {'type': 'integer'}}, 'Fouls committed': {'key': 'fouls', 'stat': {'value': 1, 'type': 'integer'}}, 'Duels won': {'key': 'duel_won', 'stat': {'value': 1, 'type': 'integer'}, 'hideInPopupCard': True}, 'Duels lost': {'key': 'duel_lost', 'stat': {'value': 8, 'type': 'integer'}, 'hideInPopupCard': True}}}]",88,103,3,1000010853,6,Blooming,49678,Bolivar,5983,2026-05-10T23:30:00.000Z,0,0,5.72,87.0,0.0,0.0,1.0,19.0,22.0,2.0,,,,0.0,32.0,2.0,1.0,0.0,1.0,3.0,3.0,5.0,,,0.0,0.0,,0.0,3.0,1.0,1.0,8.0,0.0,7.0,1.0,2.0,,1.0
Luis Paz,1504136,588780,5983,Bolivar,False,"[{'title': 'Top stats', 'key': 'top_stats', 'stats': {'FotMob rating': {'key': 'rating_title', 'stat': {'value': 7.67, 'type': 'double'}}, 'Minutes played': {'key': 'minutes_played', 'stat': {'value': 90, 'type': 'integer'}}, 'Goals': {'key': 'goals', 'stat': {'value': 0, 'type': 'integer'}}, 'Assists': {'key': 'assists', 'stat': {'value': 0, 'type': 'integer'}}, 'Accurate passes': {'key': 'accurate_passes', 'stat': {'value': 34, 'total': 47, 'type': 'fractionWithPercentage'}}, 'Chances created': {'key': 'chances_created', 'stat': {'value': 1, 'type': 'integer'}}, 'Shotmap': {'key': None, 'stat': {'value': 0, 'type': 'boolean'}}, 'Defensive actions': {'key': 'defensive_actions', 'stat': {'value': 9, 'type': 'integer'}}}}, {'title': 'Attack', 'key': 'attack', 'stats': {'Touches': {'key': 'touches', 'stat': {'value': 74, 'type': 'integer'}}, 'Touches in opposition box': {'key': 'touches_opp_box', 'stat': {'value': 0, 'type': 'integer'}}, 'Passes into final third': {'key': 'passes_into_final_third', 'stat': {'value': 11, 'type': 'integer'}}, 'Accurate crosses': {'key': 'accurate_crosses', 'stat': {'value': 1, 'total': 4, 'type': 'fractionWithPercentage'}}, 'Accurate long balls': {'key': 'long_balls_accurate', 'stat': {'value': 1, 'total': 6, 'type': 'fractionWithPercentage'}}, 'Dispossessed': {'key': 'dispossessed', 'stat': {'value': 1, 'type': 'integer'}}}}, {'title': 'Defense', 'key': 'defense', 'stats': {'Defensive actions': {'key': 'defensive_actions', 'stat': {'value': 9, 'type': 'integer'}}, 'Tackles': {'key': 'matchstats.headers.tackles', 'stat': {'value': 3, 'type': 'integer'}}, 'Blocks': {'key': 'shot_blocks', 'stat': {'value': 2, 'type': 'integer'}}, 'Clearances': {'key': 'clearances', 'stat': {'value': 2, 'type': 'integer'}}, 'Headed clearance': {'key': 'headed_clearance', 'stat': {'value': 1, 'type': 'integer'}}, 'Interceptions': {'key': 'interceptions', 'stat': {'value': 2, 'type': 'integer'}}, 'Recoveries': {'key': 'recoveries', 'stat': {'value': 7, 'type': 'integer'}}, 'Dribbled past': {'key': 'dribbled_past', 'stat': {'value': 0, 'type': 'integer'}}}}, {'title': 'Duels', 'key': 'duels', 'stats': {'Ground duels won': {'key': 'ground_duels_won', 'stat': {'value': 4, 'total': 6, 'type': 'fractionWithPercentage'}}, 'Aerial duels won': {'key': 'aerials_won', 'stat': {'value': 0, 'total': 1, 'type': 'fractionWithPercentage'}}, 'Was fouled': {'key': 'was_fouled', 'stat': {'value': 1, 'type': 'integer'}}, 'Fouls committed': {'key': 'fouls', 'stat': {'value': 2, 'type': 'integer'}}, 'Duels won': {'key': 'duel_won', 'stat': {'value': 4, 'type': 'integer'}, 'hideInPopupCard': True}, 'Duels lost': {'key': 'duel_lost', 'stat': {'value': 3, 'type': 'integer'}, 'hideInPopupCard': True}}}]",8,32,1,1000010853,6,Blooming,49678,Bolivar,5983,2026-05-10T23:30:00.000Z,0,0,7.67,90.0,0.0,0.0,,34.0,47.0,1.0,,,,9.0,74.0,0.0,11.0,1.0,4.0,1.0,6.0,1.0,,,2.0,2.0,1.0,2.0,7.0,0.0,4.0,3.0,4.0,6.0,0.0,1.0,1.0,2.0
Carlos Sejas,1535430,560315,5983,Bolivar,False,[],20,,,1000010853,6,Blooming,49678,Bolivar,5983,2026-05-10T23:30:00.000Z,0,0,,,,,,,,,,,,,,,,,,,,,,,,,,,,,,,,,,,,
Jhon Velásquez,1560822,568085,5983,Bolivar,False,"[{'title': 'Top stats', 'key': 'top_stats', 'stats': {'FotMob rating': {'key': 'rating_title', 'stat': {'value': 5.98, 'type': 'double'}}, 'Minutes played': {'key': 'minutes_played', 'stat': {'value': 12, 'type': 'integer'}}, 'Goals': {'key': 'goals', 'stat': {'value': 0, 'type': 'integer'}}, 'Assists': {'key': 'assists', 'stat': {'value': 0, 'type': 'integer'}}, 'Accurate passes': {'key': 'accurate_passes', 'stat': {'value': 8, 'total': 9, 'type': 'fractionWithPercentage'}}, 'Chances created': {'key': 'chances_created', 'stat': {'value': 0, 'type': 'integer'}}, 'Shotmap': {'key': None, 'stat': {'value': 0, 'type': 'boolean'}}, 'Defensive actions': {'key': 'defensive_actions', 'stat': {'value': 0, 'type': 'integer'}}}}, {'title': 'Attack', 'key': 'attack', 'stats': {'Touches': {'key': 'touches', 'stat': {'value': 14, 'type': 'integer'}}, 'Touches in opposition box': {'key': 'touches_opp_box', 'stat': {'value': 0, 'type': 'integer'}}, 'Passes into final third': {'key': 'passes_into_final_third', 'stat': {'value': 1, 'type': 'integer'}}, 'Accurate crosses': {'key': 'accurate_crosses', 'stat': {'value': 0, 'total': 2, 'type': 'fractionWithPercentage'}}, 'Dispossessed': {'key': 'dispossessed', 'stat': {'value': 1, 'type': 'integer'}}}}, {'title': 'Defense', 'key': 'defense', 'stats': {'Defensive actions': {'key': 'defensive_actions', 'stat': {'value': 0, 'type': 'integer'}}, 'Tackles': {'key': 'matchstats.headers.tackles', 'stat': {'value': 0, 'type': 'integer'}}, 'Blocks': {'key': 'shot_blocks', 'stat': {'value': 0, 'type': 'integer'}}, 'Clearances': {'key': 'clearances', 'stat': {'value': 0, 'type': 'integer'}}, 'Interceptions': {'key': 'interceptions', 'stat': {'value': 0, 'type': 'integer'}}, 'Recoveries': {'key': 'recoveries', 'stat': {'value': 1, 'type': 'integer'}}, 'Dribbled past': {'key': 'dribbled_past', 'stat': {'value': 0, 'type': 'integer'}}}}, {'title': 'Duels', 'key': 'duels', 'stats': {'Ground duels won': {'key': 'ground_duels_won', 'stat': {'value': 0, 'total': 1, 'type': 'fractionWithPercentage'}}, 'Aerial duels won': {'key': 'aerials_won', 'stat': {'value': 0, 'total': 0, 'type': 'fractionWithPercentage'}}, 'Was fouled': {'key': 'was_fouled', 'stat': {'type': 'integer'}}, 'Fouls committed': {'key': 'fouls', 'stat': {'value': 0, 'type': 'integer'}}, 'Duels lost': {'key': 'duel_lost', 'stat': {'value': 1, 'type': 'integer'}, 'hideInPopupCard': True}}}]",7,,,1000010853,6,Blooming,49678,Bolivar,5983,2026-05-10T23:30:00.000Z,0,0,5.98,12.0,0.0,0.0,,8.0,9.0,0.0,,,,0.0,14.0,0.0,1.0,0.0,2.0,,,1.0,,,0.0,0.0,,0.0,1.0,0.0,,1.0,0.0,1.0,0.0,0.0,,0.0
Robson Matheus,1613569,480028,5983,Bolivar,False,"[{'title': 'Top stats', 'key': 'top_stats', 'stats': {'FotMob rating': {'key': 'rating_title', 'stat': {'value': 7.42, 'type': 'double'}}, 'Minutes played': {'key': 'minutes_played', 'stat': {'value': 90, 'type': 'integer'}}, 'Goals': {'key': 'goals', 'stat': {'value': 0, 'type': 'integer'}}, 'Assists': {'key': 'assists', 'stat': {'value': 0, 'type': 'integer'}}, 'Total shots': {'key': 'total_shots', 'stat': {'value': 3, 'type': 'integer'}, 'hideInPopupCard': True}, 'Accurate passes': {'key': 'accurate_passes', 'stat': {'value': 28, 'total': 30, 'type': 'fractionWithPercentage'}}, 'Chances created': {'key': 'chances_created', 'stat': {'value': 3, 'type': 'integer'}}, 'Shots on target': {'key': 'ShotsOnTarget', 'stat': {'value': 1, 'type': 'integer'}}, 'Shots off target': {'key': 'ShotsOffTarget', 'stat': {'value': 2, 'type': 'integer'}}, 'Shot accuracy': {'key': 'shot_accuracy', 'stat': {'value': 1, 'total': 3, 'type': 'fractionWithPercentage'}}, 'Shotmap': {'key': None, 'stat': {'value': 1, 'type': 'boolean'}}, 'Defensive actions': {'key': 'defensive_actions', 'stat': {'value': 3, 'type': 'integer'}}}}, {'title': 'Attack', 'key': 'attack', 'stats': {'Touches': {'key': 'touches', 'stat': {'value': 57, 'type': 'integer'}}, 'Touches in opposition box': {'key': 'touches_opp_box', 'stat': {'value': 2, 'type': 'integer'}}, 'Successful dribbles': {'key': 'dribbles_succeeded', 'stat': {'value': 2, 'total': 4, 'type': 'fractionWithPercentage'}}, 'Passes into final third': {'key': 'passes_into_final_third', 'stat': {'value': 9, 'type': 'integer'}}, 'Accurate crosses': {'key': 'accurate_crosses', 'stat': {'value': 1, 'total': 5, 'type': 'fractionWithPercentage'}}, 'Accurate long balls': {'key': 'long_balls_accurate', 'stat': {'value': 4, 'total': 5, 'type': 'fractionWithPercentage'}}, 'Corners': {'key': 'corners', 'stat': {'value': 3, 'type': 'integer'}}, 'Dispossessed': {'key': 'dispossessed', 'stat': {'value': 3, 'type': 'integer'}}}}, {'title': 'Defense', 'key': 'defense', 'stats': {'Defensive actions': {'key': 'defensive_actions', 'stat': {'value': 3, 'type': 'integer'}}, 'Tackles': {'key': 'matchstats.headers.tackles', 'stat': {'value': 0, 'type': 'integer'}}, 'Blocks': {'key': 'shot_blocks', 'stat': {'value': 0, 'type': 'integer'}}, 'Clearances': {'key': 'clearances', 'stat': {'value': 2, 'type': 'integer'}}, 'Headed clearance': {'key': 'headed_clearance', 'stat': {'value': 1, 'type': 'integer'}}, 'Interceptions': {'key': 'interceptions', 'stat': {'value': 1, 'type': 'integer'}}, 'Recoveries': {'key': 'recoveries', 'stat': {'value': 4, 'type': 'integer'}}, 'Dribbled past': {'key': 'dribbled_past', 'stat': {'value': 0, 'type': 'integer'}}}}, {'title': 'Duels', 'key': 'duels', 'stats': {'Ground duels won': {'key': 'ground_duels_won', 'stat': {'value': 8, 'total': 14, 'type': 'fractionWithPercentage'}}, 'Aerial duels won': {'key': 'aerials_won', 'stat': {'value': 0, 'total': 1, 'type': 'fractionWithPercentage'}}, 'Was fouled': {'key': 'was_fouled', 'stat': {'value': 6, 'type': 'integer'}}, 'Fouls committed': {'key': 'fouls', 'stat': {'value': 1, 'type': 'integer'}}, 'Duels won': {'key': 'duel_won', 'stat': {'value': 8, 'type': 'integer'}, 'hideInPopupCard': True}, 'Duels lost': {'key': 'duel_lost', 'stat': {'value': 7, 'type': 'integer'}, 'hideInPopupCard': True}}}]",14,84,2,1000010853,6,Blooming,49678,Bolivar,5983,2026-05-10T23:30:00.000Z,0,0,7.42,90.0,0.0,0.0,3.0,28.0,30.0,3.0,,,,3.0,57.0,2.0,9.0,1.0,5.0,4.0,5.0,3.0,,,0.0,2.0,1.0,1.0,4.0,0.0,8.0,7.0,8.0,14.0,0.0,1.0,6.0,1.0
Matías Galindo,1625724,601215,5983,Bolivar,False,[],24,,,1000010853,6,Blooming,49678,Bolivar,5983,2026-05-10T23:30:00.000Z,0,0,,,,,,,,,,,,,,,,,,,,,,,,,,,,,,,,,,,,
Gustavo Almada,1648022,444529,49678,Blooming,False,[],71,,,1000010853,6,Blooming,49678,Bolivar,5983,2026-05-10T23:30:00.000Z,0,0,,,,,,,,,,,,,,,,,,,,,,,,,,,,,,,,,,,,
Escleizon Freita,1736525,648893,5983,Bolivar,False,[],35,,,1000010853,6,Blooming,49678,Bolivar,5983,2026-05-10T23:30:00.000Z,0,0,,,,,,,,,,,,,,,,,,,,,,,,,,,,,,,,,,,,
Cristian Vedia,1744428,639090,5983,Bolivar,False,[],15,,,1000010853,6,Blooming,49678,Bolivar,5983,2026-05-10T23:30:00.000Z,0,0,,,,,,,,,,,,,,,,,,,,,,,,,,,,,,,,,,,,
Fernando Mena,1747309,692632,5983,Bolivar,False,"[{'title': 'Top stats', 'key': 'top_stats', 'stats': {'FotMob rating': {'key': 'rating_title', 'stat': {'value': 7.44, 'type': 'double'}}, 'Minutes played': {'key': 'minutes_played', 'stat': {'value': 90, 'type': 'integer'}}, 'Goals': {'key': 'goals', 'stat': {'value': 0, 'type': 'integer'}}, 'Assists': {'key': 'assists', 'stat': {'value': 0, 'type': 'integer'}}, 'Accurate passes': {'key': 'accurate_passes', 'stat': {'value': 32, 'total': 38, 'type': 'fractionWithPercentage'}}, 'Chances created': {'key': 'chances_created', 'stat': {'value': 2, 'type': 'integer'}}, 'Shotmap': {'key': None, 'stat': {'value': 0, 'type': 'boolean'}}, 'Defensive actions': {'key': 'defensive_actions', 'stat': {'value': 7, 'type': 'integer'}}}}, {'title': 'Attack', 'key': 'attack', 'stats': {'Touches': {'key': 'touches', 'stat': {'value': 50, 'type': 'integer'}}, 'Touches in opposition box': {'key': 'touches_opp_box', 'stat': {'value': 0, 'type': 'integer'}}, 'Successful dribbles': {'key': 'dribbles_succeeded', 'stat': {'value': 0, 'total': 1, 'type': 'fractionWithPercentage'}}, 'Passes into final third': {'key': 'passes_into_final_third', 'stat': {'value': 4, 'type': 'integer'}}, 'Accurate long balls': {'key': 'long_balls_accurate', 'stat': {'value': 2, 'total': 2, 'type': 'fractionWithPercentage'}}, 'Dispossessed': {'key': 'dispossessed', 'stat': {'value': 0, 'type': 'integer'}}}}, {'title': 'Defense', 'key': 'defense', 'stats': {'Defensive actions': {'key': 'defensive_actions', 'stat': {'value': 7, 'type': 'integer'}}, 'Tackles': {'key': 'matchstats.headers.tackles', 'stat': {'value': 1, 'type': 'integer'}}, 'Blocks': {'key': 'shot_blocks', 'stat': {'value': 1, 'type': 'integer'}}, 'Clearances': {'key': 'clearances', 'stat': {'value': 5, 'type': 'integer'}}, 'Headed clearance': {'key': 'headed_clearance', 'stat': {'value': 1, 'type': 'integer'}}, 'Interceptions': {'key': 'interceptions', 'stat': {'value': 0, 'type': 'integer'}}, 'Recoveries': {'key': 'recoveries', 'stat': {'value': 11, 'type': 'integer'}}, 'Dribbled past': {'key': 'dribbled_past', 'stat': {'value': 0, 'type': 'integer'}}}}, {'title': 'Duels', 'key': 'duels', 'stats': {'Ground duels won': {'key': 'ground_duels_won', 'stat': {'value': 1, 'total': 4, 'type': 'fractionWithPercentage'}}, 'Aerial duels won': {'key': 'aerials_won', 'stat': {'value': 0, 'total': 0, 'type': 'fractionWithPercentage'}}, 'Was fouled': {'key': 'was_fouled', 'stat': {'type': 'integer'}}, 'Fouls committed': {'key': 'fouls', 'stat': {'value': 2, 'type': 'integer'}}, 'Duels won': {'key': 'duel_won', 'stat': {'value': 1, 'type': 'integer'}, 'hideInPopupCard': True}, 'Duels lost': {'key': 'duel_lost', 'stat': {'value': 3, 'type': 'integer'}, 'hideInPopupCard': True}}}]",33,34,1,1000010853,6,Blooming,49678,Bolivar,5983,2026-05-10T23:30:00.000Z,0,0,7.44,90.0,0.0,0.0,,32.0,38.0,2.0,,,,7.0,50.0,0.0,4.0,,,2.0,2.0,0.0,,,1.0,5.0,1.0,0.0,11.0,0.0,1.0,3.0,1.0,4.0,0.0,0.0,,2.0
Juan Gonzáles,1792038,689622,49678,Blooming,False,[],18,,,1000010853,6,Blooming,49678,Bolivar,5983,2026-05-10T23:30:00.000Z,0,0,,,,,,,,,,,,,,,,,,,,,,,,,,,,,,,,,,,,
Matheo Ocampo,1967691,737739,49678,Blooming,False,"[{'title': 'Top stats', 'key': 'top_stats', 'stats': {'FotMob rating': {'key': 'rating_title', 'stat': {'value': 7.26, 'type': 'double'}}, 'Minutes played': {'key': 'minutes_played', 'stat': {'value': 90, 'type': 'integer'}}, 'Goals': {'key': 'goals', 'stat': {'value': 0, 'type': 'integer'}}, 'Assists': {'key': 'assists', 'stat': {'value': 0, 'type': 'integer'}}, 'Accurate passes': {'key': 'accurate_passes', 'stat': {'value': 15, 'total': 21, 'type': 'fractionWithPercentage'}}, 'Chances created': {'key': 'chances_created', 'stat': {'value': 0, 'type': 'integer'}}, 'Shotmap': {'key': None, 'stat': {'value': 0, 'type': 'boolean'}}, 'Defensive actions': {'key': 'defensive_actions', 'stat': {'value': 7, 'type': 'integer'}}}}, {'title': 'Attack', 'key': 'attack', 'stats': {'Touches': {'key': 'touches', 'stat': {'value': 40, 'type': 'integer'}}, 'Touches in opposition box': {'key': 'touches_opp_box', 'stat': {'value': 0, 'type': 'integer'}}, 'Successful dribbles': {'key': 'dribbles_succeeded', 'stat': {'value': 2, 'total': 2, 'type': 'fractionWithPercentage'}}, 'Passes into final third': {'key': 'passes_into_final_third', 'stat': {'value': 4, 'type': 'integer'}}, 'Accurate long balls': {'key': 'long_balls_accurate', 'stat': {'value': 2, 'total': 7, 'type': 'fractionWithPercentage'}}, 'Dispossessed': {'key': 'dispossessed', 'stat': {'value': 2, 'type': 'integer'}}}}, {'title': 'Defense', 'key': 'defense', 'stats': {'Defensive actions': {'key': 'defensive_actions', 'stat': {'value': 7, 'type': 'integer'}}, 'Tackles': {'key': 'matchstats.headers.tackles', 'stat': {'value': 2, 'type': 'integer'}}, 'Blocks': {'key': 'shot_blocks', 'stat': {'value': 1, 'type': 'integer'}}, 'Clearances': {'key': 'clearances', 'stat': {'value': 4, 'type': 'integer'}}, 'Headed clearance': {'key': 'headed_clearance', 'stat': {'value': 2, 'type': 'integer'}}, 'Interceptions': {'key': 'interceptions', 'stat': {'value': 0, 'type': 'integer'}}, 'Recoveries': {'key': 'recoveries', 'stat': {'value': 4, 'type': 'integer'}}, 'Dribbled past': {'key': 'dribbled_past', 'stat': {'value': 0, 'type': 'integer'}}}}, {'title': 'Duels', 'key': 'duels', 'stats': {'Ground duels won': {'key': 'ground_duels_won', 'stat': {'value': 5, 'total': 8, 'type': 'fractionWithPercentage'}}, 'Aerial duels won': {'key': 'aerials_won', 'stat': {'value': 0, 'total': 0, 'type': 'fractionWithPercentage'}}, 'Was fouled': {'key': 'was_fouled', 'stat': {'value': 1, 'type': 'integer'}}, 'Fouls committed': {'key': 'fouls', 'stat': {'value': 1, 'type': 'integer'}}, 'Duels won': {'key': 'duel_won', 'stat': {'value': 5, 'type': 'integer'}, 'hideInPopupCard': True}, 'Duels lost': {'key': 'duel_lost', 'stat': {'value': 3, 'type': 'integer'}, 'hideInPopupCard': True}}}]",75,38,1,1000010853,6,Blooming,49678,Bolivar,5983,2026-05-10T23:30:00.000Z,0,0,7.26,90.0,0.0,0.0,,15.0,21.0,0.0,,,,7.0,40.0,0.0,4.0,,,2.0,7.0,2.0,,,1.0,4.0,2.0,0.0,4.0,0.0,5.0,3.0,5.0,8.0,0.0,0.0,1.0,1.0
